task_id,candidate_rank,query,title,authors,year,journal,doi,crossref_score,type,publisher,target_field,journal_category_id,expected_priority,evaluation_focus,selection_status,allowlist_match,match_category_id,match_category_label,match_rank,same_field,article_type_ok,doi_ok,recent_enough,review_score,review_priority
T001,1,AI interview employer branding applicant reactions employer attractiveness,"Employer branding-An Employer Attractiveness Tool, Attractiveness Factors for Millennial","Jaswal, P.; Bhattacharya, S.",2022,CARDIOMETRY,10.18137/cardiometry.2022.24.652661,54.558857,journal-article,RosNOU,2. 조직인사,organization-hr,국제 S급; 국제 A1급,applicant reactions; employer attractiveness; AI hiring transparency,needs_manual_review,no,,,,no,yes,yes,yes,54.09,topic_only_review
T001,3,AI interview employer branding applicant reactions employer attractiveness,Employer Branding Tactics for Elevating Attractiveness in Recruitment,,2024,European Economic Letters,10.52783/eel.v14i1.1063,50.678986,journal-article,Science Research Society,2. 조직인사,organization-hr,국제 S급; 국제 A1급,applicant reactions; employer attractiveness; AI hiring transparency,needs_manual_review,no,,,,no,yes,yes,yes,53.45,topic_only_review
T001,4,AI interview employer branding applicant reactions employer attractiveness,"Employer Branding-An Employer Attractiveness Tool, Attractiveness Factors for Millennial",Pankhuri Jaswal; Sonali Bhattacharya,2021,Revista Gestão Inovação e Tecnologias,10.47059/revistageintec.v11i4.2577,49.655277,journal-article,Centivens Institute of Innovative Research,2. 조직인사,organization-hr,국제 S급; 국제 A1급,applicant reactions; employer attractiveness; AI hiring transparency,needs_manual_review,no,,,,no,yes,yes,yes,53.28,topic_only_review
T001,5,AI interview employer branding applicant reactions employer attractiveness,Arbeitgeberattraktivität durch betriebliche Gesundheitsförderung: Eine Strategie für das Employer Branding?,Jessica Arnold; Silja Kotte,2024,"Organisationsberatung, Supervision, Coaching",10.1007/s11613-024-00911-0,48.897343,journal-article,Springer Science and Business Media LLC,2. 조직인사,organization-hr,국제 S급; 국제 A1급,applicant reactions; employer attractiveness; AI hiring transparency,needs_manual_review,no,,,,no,yes,yes,yes,53.15,topic_only_review
T001,6,AI interview employer branding applicant reactions employer attractiveness,Employer branding: strategy for improving employer attractiveness,Neeti Leekha Chhabra; Sanjeev Sharma,2014,International Journal of Organizational Analysis,10.1108/ijoa-09-2011-0513,48.86716,journal-article,Emerald,2. 조직인사,organization-hr,국제 S급; 국제 A1급,applicant reactions; employer attractiveness; AI hiring transparency,needs_manual_review,no,,,,no,yes,yes,no,48.14,topic_only_review
T001,8,AI interview employer branding applicant reactions employer attractiveness,Employer Branding: Understanding Employer Attractiveness of IT Companies,Amir Dabirian; Jeannette Paschen; Jan Kietzmann,2019,IT Professional,10.1109/mitp.2018.2876980,47.482796,journal-article,Institute of Electrical and Electronics Engineers (IEEE),2. 조직인사,organization-hr,국제 S급; 국제 A1급,applicant reactions; employer attractiveness; AI hiring transparency,needs_manual_review,no,,,,no,yes,yes,no,47.91,topic_only_review
T001,9,AI interview employer branding applicant reactions employer attractiveness,Employer attractiveness from a generation perspective: Implications for employer branding,Germano Glufke Reis; Beatriz Maria Braga,2016,Revista de Administração,10.5700/rausp1226,46.812916,journal-article,"Business Department, School of Economics, Business & Accounting USP",2. 조직인사,organization-hr,국제 S급; 국제 A1급,applicant reactions; employer attractiveness; AI hiring transparency,needs_manual_review,no,,,,no,yes,yes,no,47.80,topic_only_review
T001,10,AI interview employer branding applicant reactions employer attractiveness,THE EFFECTS OF SYMBOLIC IMAGE DIMENSIONS ON EMPLOYER ATTRACTIVENESS IN TERMS OF EMPLOYER BRANDING CONCEPT,Furkan Marasli; Mujdelen Ipek Yener,2017,Pressacademia,10.17261/pressacademia.2017.728,46.181446,journal-article,Pressacademia,2. 조직인사,organization-hr,국제 S급; 국제 A1급,applicant reactions; employer attractiveness; AI hiring transparency,needs_manual_review,no,,,,no,yes,yes,no,47.70,topic_only_review
T001,2,AI interview employer branding applicant reactions employer attractiveness,Standing Out in a Crowd,Antonia Hein,,,10.33612/diss.1474872248,53.9579,dissertation,University of Groningen Press,2. 조직인사,organization-hr,국제 S급; 국제 A1급,applicant reactions; employer attractiveness; AI hiring transparency,needs_manual_review,no,,,,no,no,yes,no,23.99,reject_low_priority
T001,7,AI interview employer branding applicant reactions employer attractiveness,Employer Branding,,2009,Employer Branding,10.1007/978-3-8349-8166-0_2,47.89586,book-chapter,Gabler,2. 조직인사,organization-hr,국제 S급; 국제 A1급,applicant reactions; employer attractiveness; AI hiring transparency,needs_manual_review,no,,,,no,no,yes,no,22.98,reject_low_priority
T002,1,artificial intelligence recruitment applicant reaction recruitment fairness,Hire Hub: A Smart Applicant Tracking System for streamlined recruitment,,2026,"International Journal of Information and Communication Technology, Artificial Intelligence, and Digital Innovation (IJICTAIDI)",10.63498/ijictaidi2,40.509407,journal-article,ETCOR Educational Research Center Research Consultancy Services,2. 조직인사,organization-hr,국제 S급; 국제 A1급,recruitment; fairness; applicant reaction,needs_manual_review,no,,,,no,yes,yes,yes,51.75,topic_only_review
T002,2,artificial intelligence recruitment applicant reaction recruitment fairness,Enhancing Recruitment Efficiency: A Comprehensive Analysis of Artificial Intelligence in Applicant Screening and Selection,,2024,International Research Journal of Modernization in Engineering Technology and Science,10.56726/irjmets49947,39.73461,journal-article,International Research Journal of Modernization in Engineering Technology and Science,2. 조직인사,organization-hr,국제 S급; 국제 A1급,recruitment; fairness; applicant reaction,needs_manual_review,no,,,,no,yes,yes,yes,51.62,topic_only_review
T002,3,artificial intelligence recruitment applicant reaction recruitment fairness,"Artificial Intelligence Adoption in Talent Acquisition: Effects on Recruitment Efficiency, Algorithmic Fairness Perceptions, and Employee Experience",Aichurek Nuralieva,2026,American Impact Review,10.66308/air.e2026026,37.77573,journal-article,Global Talent Foundation Inc,2. 조직인사,organization-hr,국제 S급; 국제 A1급,recruitment; fairness; applicant reaction,needs_manual_review,no,,,,no,yes,yes,yes,51.30,topic_only_review
T002,5,artificial intelligence recruitment applicant reaction recruitment fairness,Intelligent applicant tracking: leveraging machine learning for recruitment automation,Guru P; Sivakami T; Bhuvaneswari J; Panneerselvam K; Gopalakrishnan S; Rajandran K.V. R,2025,Revista Gestão &amp; Tecnologia,10.20397/2177-6652/2025.v25i2.3175,36.899883,journal-article,Fundacao Pedro Leopoldo - Revista Gestao and Tecnologia,2. 조직인사,organization-hr,국제 S급; 국제 A1급,recruitment; fairness; applicant reaction,needs_manual_review,no,,,,no,yes,yes,yes,51.15,topic_only_review
T002,6,artificial intelligence recruitment applicant reaction recruitment fairness,The Use of Artificial Intelligence in the Recruitment Process: The Case of Recruitment Agencies in Morocco,EL MNOUER Oumaima; KATFI Ayoub,2023,International Journal of Science and Research (IJSR),10.21275/sr23901184638,36.54831,journal-article,International Journal of Science and Research,2. 조직인사,organization-hr,국제 S급; 국제 A1급,recruitment; fairness; applicant reaction,needs_manual_review,no,,,,no,yes,yes,yes,51.09,topic_only_review
T002,7,artificial intelligence recruitment applicant reaction recruitment fairness,Using Artificial Websites in E-recruitment Research: An Example in Applicant Attraction,Justin Travis,2019,Journal of Organizational Psychology,10.33423/jop.v19i3.2147,36.06222,journal-article,North American Business Press,2. 조직인사,organization-hr,국제 S급; 국제 A1급,recruitment; fairness; applicant reaction,needs_manual_review,no,,,,no,yes,yes,no,46.01,topic_only_review
T002,9,artificial intelligence recruitment applicant reaction recruitment fairness,Applicants' Perception of Artificial Intelligence in Recruitment Process,Piotr Horodyski,2023,,10.2139/ssrn.4359612,35.58561,posted-content,Elsevier BV,2. 조직인사,organization-hr,국제 S급; 국제 A1급,recruitment; fairness; applicant reaction,needs_manual_review,no,,,,no,no,yes,yes,25.93,reject_low_priority
T002,10,artificial intelligence recruitment applicant reaction recruitment fairness,Leveraging Crowd Intelligence to Enhance Fairness and Accuracy in AI-powered Recruitment Decisions,Zhen-Song Chen; Zheng Ma,2025,,10.2139/ssrn.5110822,35.28271,posted-content,Elsevier BV,2. 조직인사,organization-hr,국제 S급; 국제 A1급,recruitment; fairness; applicant reaction,needs_manual_review,no,,,,no,no,yes,yes,25.88,reject_low_priority
T002,4,artificial intelligence recruitment applicant reaction recruitment fairness,A rolling recruitment process under applicant stochastic departures,Chenyin Gong,,,10.14711/thesis-991013340453003412,37.624546,dissertation,The Hong Kong University of Science and Technology Library,2. 조직인사,organization-hr,국제 S급; 국제 A1급,recruitment; fairness; applicant reaction,needs_manual_review,no,,,,no,no,yes,no,21.27,reject_low_priority
T002,8,artificial intelligence recruitment applicant reaction recruitment fairness,,,2017,,10.3030/782921,36.002884,grant,Publications Office of the European Union,2. 조직인사,organization-hr,국제 S급; 국제 A1급,recruitment; fairness; applicant reaction,needs_manual_review,no,,,,no,no,yes,no,21.00,reject_low_priority
T003,1,generative AI advertising effectiveness generative AI advertising,Advertising and Generative AI: How Can Advertisers Leverage New AI Tools? Introducing a Special Issue on Generative AI in Advertising,Ben Lowe; Des Laffey; Yong (Eddie) Luo,2025,Journal of Advertising Research,10.1080/00218499.2025.2494973,61.332855,journal-article,Informa UK Limited,4. 마케팅,marketing,국제 S급; 국제 A1급,generative AI; advertising; consumer response,needs_manual_review,no,,,,no,yes,yes,yes,55.00,topic_only_review
T003,5,generative AI advertising effectiveness generative AI advertising,Application of Generative AI for Creating and Optimizing Personalized Advertising Creatives,Konstantin Zhuchkov,2025,The American Journal of Engineering and Technology,10.37547/tajet/volume07issue11-12,54.735405,journal-article,The USA Journals,4. 마케팅,marketing,국제 S급; 국제 A1급,generative AI; advertising; consumer response,needs_manual_review,no,,,,no,yes,yes,yes,54.12,topic_only_review
T003,8,generative AI advertising effectiveness generative AI advertising,Transforming advertising in the age of generative AI: exploring advertising professionals’ perceptions of human-AI value co-creation,Jing Yang; Chuqing Dong; Shu-Chuan Chu; Minjin Rheu,2026,International Journal of Advertising,10.1080/02650487.2025.2604910,53.0077,journal-article,Informa UK Limited,4. 마케팅,marketing,국제 S급; 국제 A1급,generative AI; advertising; consumer response,needs_manual_review,no,,,,no,yes,yes,yes,53.83,topic_only_review
T003,10,generative AI advertising effectiveness generative AI advertising,Exploring the Integration of Generative AI in Advertising Agencies: A Co-Creative Process Model for Human–AI Collaboration,Weila Cui; Martin J. Liu; Ruizhi Yuan,2025,Journal of Advertising Research,10.1080/00218499.2024.2445362,51.912518,journal-article,Informa UK Limited,4. 마케팅,marketing,국제 S급; 국제 A1급,generative AI; advertising; consumer response,needs_manual_review,no,,,,no,yes,yes,yes,53.65,topic_only_review
T003,2,generative AI advertising effectiveness generative AI advertising,The Impact of Visual Generative AI on Advertising Effectiveness,Hyesoo Lee; Vilma Todri; Panagiotis Adamopoulos; Anindya Ghose,2025,,10.2139/ssrn.5638311,58.834854,posted-content,Elsevier BV,4. 마케팅,marketing,국제 S급; 국제 A1급,generative AI; advertising; consumer response,needs_manual_review,no,,,,no,no,yes,yes,29.81,reject_low_priority
T003,3,generative AI advertising effectiveness generative AI advertising,"The Spectre of Generative AI Over Advertising, Marketing, and Branding",Bibhuti Bhusan Routray,2024,,10.22541/au.170534566.63147021/v1,55.850243,posted-content,Wiley,4. 마케팅,marketing,국제 S급; 국제 A1급,generative AI; advertising; consumer response,needs_manual_review,no,,,,no,no,yes,yes,29.31,reject_low_priority
T003,4,generative AI advertising effectiveness generative AI advertising,When AI Advertises: How Advertising Disclosure Shapes Users' Trust in Generative AI,Haofei Qin; Mingfeng Lin; Han Zhang,2026,,10.2139/ssrn.6469218,55.125427,posted-content,Elsevier BV,4. 마케팅,marketing,국제 S급; 국제 A1급,generative AI; advertising; consumer response,needs_manual_review,no,,,,no,no,yes,yes,29.19,reject_low_priority
T003,6,generative AI advertising effectiveness generative AI advertising,Revolutionizing Content: Generative AI in Marketing and Advertising,Ahmed Bouzid; Paolo Narciso; Weiye Ma,2024,Generative AI For Executives,10.1007/979-8-8688-0950-7_3,54.611435,book-chapter,Apress,4. 마케팅,marketing,국제 S급; 국제 A1급,generative AI; advertising; consumer response,needs_manual_review,no,,,,no,no,yes,yes,29.10,reject_low_priority
T003,7,generative AI advertising effectiveness generative AI advertising,Leveraging Generative AI to Create Visual Content in Digital Advertising,Remi Daviet; Yohei Nishimura,2024,,10.2139/ssrn.4986205,54.077293,posted-content,Elsevier BV,4. 마케팅,marketing,국제 S급; 국제 A1급,generative AI; advertising; consumer response,needs_manual_review,no,,,,no,no,yes,yes,29.01,reject_low_priority
T003,9,generative AI advertising effectiveness generative AI advertising,Will it Click? Advertising Strategy with Generative AI,Itay Perah Fainmesser; Dominique Olie Lauga; Elie Ofek,2026,,10.2139/ssrn.6517138,52.661842,posted-content,Elsevier BV,4. 마케팅,marketing,국제 S급; 국제 A1급,generative AI; advertising; consumer response,needs_manual_review,no,,,,no,no,yes,yes,28.78,reject_low_priority
T004,7,algorithmic management employee trust algorithmic management trust,The Role of Human Managers within Algorithmic Performance Management Systems: A Process Model of Employee Trust in Managers through Reflexivity,Keith Leavitt; Christopher M. Barnes; Debra L. Shapiro,2025,Academy of Management Review,10.5465/amr.2022.0058,44.514263,journal-article,Academy of Management,2. 조직인사,organization-hr,국제 S급; 국제 A1급,algorithmic management; trust; autonomy,needs_manual_review,yes,organization-hr,2. 조직인사,국제 S급,yes,yes,yes,yes,107.42,promote_candidate
T004,4,algorithmic management employee trust algorithmic management trust,A NOVEL ALGORITHMIC FRAMEWORK FOR SECURING IOT TRUST MANAGEMENT AGAINST EMERGING TRUST-RELATED ATTACKS,Satish Kamble,2025,International Journal of Applied Mathematics,10.12732/ijam.v38i1s.31,45.7189,journal-article,Academic Publications,2. 조직인사,organization-hr,국제 S급; 국제 A1급,algorithmic management; trust; autonomy,needs_manual_review,no,,,,no,yes,yes,yes,52.62,topic_only_review
T004,5,algorithmic management employee trust algorithmic management trust,"Trust Under the Algorithm: Employee Perceptions of Control, Fairness, and Autonomy in Algorithmic Management",Abul Fazal Mohammad Ahsan Uddin,2026,Saudi Journal of Business and Management Studies,10.36348/sjbms.2026.v11i02.003,45.56427,journal-article,SASPR Edu International Pvt. Ltd,2. 조직인사,organization-hr,국제 S급; 국제 A1급,algorithmic management; trust; autonomy,needs_manual_review,no,,,,no,yes,yes,yes,52.59,topic_only_review
T004,10,algorithmic management employee trust algorithmic management trust,How Perceived Lack of Benevolence Harms Trust of Algorithmic Management,Mingyu Li; Thomas Bradford Bitterly,2023,Academy of Management Proceedings,10.5465/amproc.2023.12814abstract,43.9089,journal-article,Academy of Management,2. 조직인사,organization-hr,국제 S급; 국제 A1급,algorithmic management; trust; autonomy,needs_manual_review,no,,,,no,yes,yes,yes,52.32,topic_only_review
T004,6,algorithmic management employee trust algorithmic management trust,"Understanding perception of algorithmic decisions: Fairness, trust, and emotion in response to algorithmic management",Min Kyung Lee,2018,Big Data &amp; Society,10.1177/2053951718756684,45.079235,journal-article,SAGE Publications,2. 조직인사,organization-hr,국제 S급; 국제 A1급,algorithmic management; trust; autonomy,needs_manual_review,no,,,,no,yes,yes,no,47.51,topic_only_review
T004,1,algorithmic management employee trust algorithmic management trust,"Power, Legitimacy and Trust in HR Chatbots: Extending Structuration Theory through Algorithmic Management",Kanaagalakshmi S; Ramya Thiyagarajan,2025,Proceedings of the 1st International Conference on Intelligent Methods and Advanced Computer Scientific Innovations,10.5220/0014188000004932,47.942562,proceedings-article,SCITEPRESS - Science and Technology Publications,2. 조직인사,organization-hr,국제 S급; 국제 A1급,algorithmic management; trust; autonomy,needs_manual_review,no,,,,no,no,yes,yes,27.99,reject_low_priority
T004,2,algorithmic management employee trust algorithmic management trust,"Algorithmic Power, Trust, and Legitimacy",Arjen van Dalen,2023,Algorithmic Gatekeeping for Professional Communicators,10.4324/9781003375258-5,47.52623,book-chapter,Routledge,2. 조직인사,organization-hr,국제 S급; 국제 A1급,algorithmic management; trust; autonomy,needs_manual_review,no,,,,no,no,yes,yes,27.92,reject_low_priority
T004,3,algorithmic management employee trust algorithmic management trust,Trust and Algorithmic Opacity,Steve McKinlay,2020,Big Data and Democracy,10.3366/edinburgh/9781474463522.003.0011,46.1161,book-chapter,Edinburgh University Press,2. 조직인사,organization-hr,국제 S급; 국제 A1급,algorithmic management; trust; autonomy,needs_manual_review,no,,,,no,no,yes,yes,27.69,reject_low_priority
T004,8,algorithmic management employee trust algorithmic management trust,The Impact of Explanatory Strategies on Employee Trust in Algorithmic Forecasts: An Experimental Investigation,Andreas Röder; Mischa Seiter,2024,AEA Randomized Controlled Trials,10.1257/rct.14040-3.0,44.182404,dataset,American Economic Association,2. 조직인사,organization-hr,국제 S급; 국제 A1급,algorithmic management; trust; autonomy,needs_manual_review,no,,,,no,no,yes,yes,27.36,reject_low_priority
T004,9,algorithmic management employee trust algorithmic management trust,Trust and Legitimacy in an Era of Algorithmic Criminal Justice,Hadar Dancig-Rosenberg,2025,"Algorithmic Transformation and Diffusion of Power: Trust, Conflict, Uncertainty and Control",10.5771/9783748929093-151,44.086433,book-chapter,Nomos Verlagsgesellschaft mbH & Co. KG,2. 조직인사,organization-hr,국제 S급; 국제 A1급,algorithmic management; trust; autonomy,needs_manual_review,no,,,,no,no,yes,yes,27.35,reject_low_priority
T005,2,AI transparency consumer trust AI transparency consumer trust,"Transparency by Design: A Narrative Synthesis of AI Disclosure, Explainability, and Trust in Consumer-Facing FinTech",Stefanos Balaskas,2026,FinTech,10.3390/fintech5020041,61.044853,journal-article,MDPI AG,4. 마케팅,marketing,국제 S급; 국제 A1급,AI transparency; consumer trust; recommendation,needs_manual_review,no,,,,no,yes,yes,yes,55.00,topic_only_review
T005,3,AI transparency consumer trust AI transparency consumer trust,Digital Trust and Transparency in Fintech: How AI and Blockchain Have Reshaped Consumer Confidence and Institutional Compliance,Abhishek Dodda,2023,Educational Administration: Theory and Practice,10.53555/kuey.v29i4.9806,60.608902,journal-article,Green Publication,4. 마케팅,marketing,국제 S급; 국제 A1급,AI transparency; consumer trust; recommendation,needs_manual_review,no,,,,no,yes,yes,yes,55.00,topic_only_review
T005,4,AI transparency consumer trust AI transparency consumer trust,Digital and AI-Enabled Supply Chain Transparency: Building  Consumer Trust for Sustainable Consumption in Service  Ecosystems,,2026,"Journal of Logistics, Informatics and Service Science",10.33168/jliss.2026.0413,59.798462,journal-article,Hong Kong Success Culture Press,4. 마케팅,marketing,국제 S급; 국제 A1급,AI transparency; consumer trust; recommendation,needs_manual_review,no,,,,no,yes,yes,yes,54.97,topic_only_review
T005,5,AI transparency consumer trust AI transparency consumer trust,"Ethical AI personalization in digital retail: The roles of transparency, privacy, and consumer trust",Wahidur Rahman,2026,Strategic Business Research,10.1016/j.sbr.2025.100020,58.530197,journal-article,Elsevier BV,4. 마케팅,marketing,국제 S급; 국제 A1급,AI transparency; consumer trust; recommendation,needs_manual_review,no,,,,no,yes,yes,yes,54.76,topic_only_review
T005,6,AI transparency consumer trust AI transparency consumer trust,The Age of Explainable AI: Improving Trust and Transparency in AI Models,Sarbaree Mishra,2020,International Journal of Science and Research (IJSR),10.21275/sr20087120519,58.258156,journal-article,International Journal of Science and Research,4. 마케팅,marketing,국제 S급; 국제 A1급,AI transparency; consumer trust; recommendation,needs_manual_review,no,,,,no,yes,yes,yes,54.71,topic_only_review
T005,7,AI transparency consumer trust AI transparency consumer trust,"Enhancing Consumer Trust in AI-Created Goods:  The Roles of Transparency, Simplicity, Familiarity and Authenticity in Market Integration",Shafiq Ur Rehman; Muhammad Fareed,2025,Contemporary Economics,10.5709/ce.1897-9254.576,57.686363,journal-article,University of Economics and Human Sciences in Warsaw,4. 마케팅,marketing,국제 S급; 국제 A1급,AI transparency; consumer trust; recommendation,needs_manual_review,no,,,,no,yes,yes,yes,54.61,topic_only_review
T005,8,AI transparency consumer trust AI transparency consumer trust,"Human-Centred and Responsible AI: Frameworks for Fairness, Trust and Transparency in AI Systems",Ashwini Sonawane; Sayali Shinde,2026,International Journal of Mathematics And Computer Research,10.47191/ijmcr/v14ispc3.10,57.147026,journal-article,Everant Journals,4. 마케팅,marketing,국제 S급; 국제 A1급,AI transparency; consumer trust; recommendation,needs_manual_review,no,,,,no,yes,yes,yes,54.52,topic_only_review
T005,9,AI transparency consumer trust AI transparency consumer trust,Knowledge-Based Trust: Linking Transparency to Trust in Google Search Algorithm,Soyoung Park,2022,Journal of AI Humanities,10.46397/jaih.11.5,56.517155,journal-article,Humanities Research Institute (HRI),4. 마케팅,marketing,국제 S급; 국제 A1급,AI transparency; consumer trust; recommendation,needs_manual_review,no,,,,no,yes,yes,yes,54.42,topic_only_review
T005,10,AI transparency consumer trust AI transparency consumer trust,TRUST THROUGH TRANSPARENCY: HOW AI DISCLOSURE LEVELS SHAPE CONSUMER ADOPTION IN HEALTHCARE,Li Xiaoan; Zhang Jing,2025,Global Fashion Management Conference,10.15444/gmc2025.07.09.02,56.415955,journal-article,Global Alliance of Marketing and Management Associations,4. 마케팅,marketing,국제 S급; 국제 A1급,AI transparency; consumer trust; recommendation,needs_manual_review,no,,,,no,yes,yes,yes,54.40,topic_only_review
T005,1,AI transparency consumer trust AI transparency consumer trust,"The Consumer Citizen, Trust, and Operational Transparency",Ethan Porter,2021,The Consumer Citizen,10.1093/oso/9780197526781.003.0005,66.47725,book-chapter,Oxford University Press,4. 마케팅,marketing,국제 S급; 국제 A1급,AI transparency; consumer trust; recommendation,needs_manual_review,no,,,,no,no,yes,yes,30.00,reject_low_priority
T006,3,chatbot service failure customer satisfaction chatbot service failure,Recovering customer satisfaction after a chatbot service failure – The effect of gender,Alexandra Rese; Lennart Witthohn,2025,Journal of Retailing and Consumer Services,10.1016/j.jretconser.2025.104257,55.249176,journal-article,Elsevier BV,4. 마케팅,marketing,국제 S급; 국제 A1급,chatbot; service failure; customer satisfaction,needs_manual_review,no,,,,no,yes,yes,yes,54.21,topic_only_review
T006,5,chatbot service failure customer satisfaction chatbot service failure,I’m learning and improving! The impact of chatbot learning evidence on customer tolerance of chatbot service failure,Wengang Liu; Xindi Qiu; Ke Ma; Zihan Jiang,2026,Journal of Research in Interactive Marketing,10.1108/jrim-06-2025-0311,53.470665,journal-article,Emerald,4. 마케팅,marketing,국제 S급; 국제 A1급,chatbot; service failure; customer satisfaction,needs_manual_review,no,,,,no,yes,yes,yes,53.91,topic_only_review
T006,7,chatbot service failure customer satisfaction chatbot service failure,Human-Chatbot Interaction and its Future in Customer Service,Sunny Gogoi,2021,International Journal of Science and Research (IJSR),10.21275/sr21705162730,50.435394,journal-article,International Journal of Science and Research,4. 마케팅,marketing,국제 S급; 국제 A1급,chatbot; service failure; customer satisfaction,needs_manual_review,no,,,,no,yes,yes,yes,53.41,topic_only_review
T006,10,chatbot service failure customer satisfaction chatbot service failure,Chatbot Self-Presentation Strategies and Customer Service  Satisfaction in E-Commerce: The Dual Mediating Roles of  Perceived Competence and Perceived Warmth,,2026,"Journal of Logistics, Informatics and Service Science",10.33168/jliss.2026.0506,49.114384,journal-article,Hong Kong Success Culture Press,4. 마케팅,marketing,국제 S급; 국제 A1급,chatbot; service failure; customer satisfaction,needs_manual_review,no,,,,no,yes,yes,yes,53.19,topic_only_review
T006,1,chatbot service failure customer satisfaction chatbot service failure,Design of Customer Service Application Using Website Based Chatbot,Muhammad Rifaldi Rusminudi; Uce Indahyanti,2025,,10.21070/ups.8371,56.274975,posted-content,Universitas Muhammadiyah Sidoarjo,4. 마케팅,marketing,국제 S급; 국제 A1급,chatbot; service failure; customer satisfaction,needs_manual_review,no,,,,no,no,yes,yes,29.38,reject_low_priority
T006,2,chatbot service failure customer satisfaction chatbot service failure,I'm Learning and Improving! The Impact of Learning Evidence on Customer Tolerance of Chatbot Service Failure,Wengang Liu; Xindi Qiu; Ke Ma,2025,,10.2139/ssrn.5162783,55.288925,posted-content,Elsevier BV,4. 마케팅,marketing,국제 S급; 국제 A1급,chatbot; service failure; customer satisfaction,needs_manual_review,no,,,,no,no,yes,yes,29.21,reject_low_priority
T006,4,chatbot service failure customer satisfaction chatbot service failure,Chatbot Service Quality and Customer Satisfaction in E-Retail: An Empirical Study of AI-Powered Customer Support,Kamran Ahmed,2026,,10.2139/ssrn.6668962,54.72117,posted-content,Elsevier BV,4. 마케팅,marketing,국제 S급; 국제 A1급,chatbot; service failure; customer satisfaction,needs_manual_review,no,,,,no,no,yes,yes,29.12,reject_low_priority
T006,6,chatbot service failure customer satisfaction chatbot service failure,Sentiment Analysis-Based Chatbot System to Enhance Customer Satisfaction in Technical Support Complaints Service for Telecommunications Companies,Anghelo Juipa; Luis Guzman; Edgar Diaz,2024,Proceedings of the 21st International Conference on Smart Business Technologies,10.5220/0012807200003764,52.416107,proceedings-article,SCITEPRESS - Science and Technology Publications,4. 마케팅,marketing,국제 S급; 국제 A1급,chatbot; service failure; customer satisfaction,needs_manual_review,no,,,,no,no,yes,yes,28.74,reject_low_priority
T006,8,chatbot service failure customer satisfaction chatbot service failure,"Customer satisfaction, service failure, and service recovery",,2009,Handbook of Hospitality Marketing Management,10.4324/9780080569437-18,50.305325,book-chapter,Routledge,4. 마케팅,marketing,국제 S급; 국제 A1급,chatbot; service failure; customer satisfaction,needs_manual_review,no,,,,no,no,yes,no,23.38,reject_low_priority
T006,9,chatbot service failure customer satisfaction chatbot service failure,"Chatbot as a service recovery agent: The role of chatbot disclosure on perceived justice, customer forgiveness and negative word-of-mouth",Kaiwen Xue,,,10.5204/thesis.eprints.242761,50.13646,dissertation,Queensland University of Technology,4. 마케팅,marketing,국제 S급; 국제 A1급,chatbot; service failure; customer satisfaction,needs_manual_review,no,,,,no,no,yes,no,23.36,reject_low_priority
T007,3,platform work algorithmic control platform work algorithmic control,Microtargeting control: Explicating algorithmic control and nudges in platform‐mediated cab driving in India,Shalini Parth; Dharma Raju Bathini,2021,"New Technology, Work and Employment",10.1111/ntwe.12188,53.681698,journal-article,Wiley,2. 조직인사,organization-hr,국제 S급; 국제 A1급,platform work; algorithmic control; well-being,needs_manual_review,no,,,,no,yes,yes,yes,53.95,topic_only_review
T007,5,platform work algorithmic control platform work algorithmic control,Resisting algorithmic control: Understanding the rise and variety of platform worker mobilisations,Lorenzo Cini,2023,"New Technology, Work and Employment",10.1111/ntwe.12257,53.43239,journal-article,Wiley,2. 조직인사,organization-hr,국제 S급; 국제 A1급,platform work; algorithmic control; well-being,needs_manual_review,no,,,,no,yes,yes,yes,53.91,topic_only_review
T007,6,platform work algorithmic control platform work algorithmic control,The “Double-Edged Sword” Effect of Perceived Algorithmic Control on Platform Workers’ Work Engagement,Jian Zhu; Yuhe Cao; Yanjun Wang,2025,Behavioral Sciences,10.3390/bs16010033,51.441372,journal-article,MDPI AG,2. 조직인사,organization-hr,국제 S급; 국제 A1급,platform work; algorithmic control; well-being,needs_manual_review,no,,,,no,yes,yes,yes,53.57,topic_only_review
T007,7,platform work algorithmic control platform work algorithmic control,PERCEIVED ALGORITHMIC CONTROL AND EMOTIONAL LABOR IN PLATFORM GIG WORK,Sizhong Gao; Long Chen,2026,The EUrASEANs: journal on global socio-economic dynamics,10.35678/2539-5645.11.2.2026.58,50.76267,journal-article,International College Suan Sunandha Rajabhat University,2. 조직인사,organization-hr,국제 S급; 국제 A1급,platform work; algorithmic control; well-being,needs_manual_review,no,,,,no,yes,yes,yes,53.46,topic_only_review
T007,10,platform work algorithmic control platform work algorithmic control,Integrating human support with algorithmic control: Psychological reactance in platform work,Peng Hu; Xuru Wang; Jinqiang Wang,2026,Technological Forecasting and Social Change,10.1016/j.techfore.2025.124520,49.489452,journal-article,Elsevier BV,2. 조직인사,organization-hr,국제 S급; 국제 A1급,platform work; algorithmic control; well-being,needs_manual_review,no,,,,no,yes,yes,yes,53.25,topic_only_review
T007,1,platform work algorithmic control platform work algorithmic control,Evaluation of Algorithmic Management of Digital Work Platform in Developing Countries,Olalekan Samuel Ogunleye; Billy Mathias Kalema,2021,Automation and Control,10.5772/intechopen.94524,56.43943,book-chapter,IntechOpen,2. 조직인사,organization-hr,국제 S급; 국제 A1급,platform work; algorithmic control; well-being,needs_manual_review,no,,,,no,no,yes,yes,29.41,reject_low_priority
T007,2,platform work algorithmic control platform work algorithmic control,Algorithmic Coercion: The Rational Control of Platform Labour,Hui Huang,2025,New Perspectives on Chinese Politics and Society,10.1007/978-981-95-2689-5_3,53.71208,book-chapter,Springer Nature Singapore,2. 조직인사,organization-hr,국제 S급; 국제 A1급,platform work; algorithmic control; well-being,needs_manual_review,no,,,,no,no,yes,yes,28.95,reject_low_priority
T007,4,platform work algorithmic control platform work algorithmic control,Algorithmic Hegemony: The Normative Control of Platform Labour,Hui Huang,2025,New Perspectives on Chinese Politics and Society,10.1007/978-981-95-2689-5_4,53.636745,book-chapter,Springer Nature Singapore,2. 조직인사,organization-hr,국제 S급; 국제 A1급,platform work; algorithmic control; well-being,needs_manual_review,no,,,,no,no,yes,yes,28.94,reject_low_priority
T007,8,platform work algorithmic control platform work algorithmic control,Algorithmic Control in Platform Food Delivery Work,Kathleen Griesbach; Adam Reich; Luke Elliott-Negri; Ruth Milkman,2022,Working in America,10.4324/9781003199588-15,50.342514,book-chapter,Routledge,2. 조직인사,organization-hr,국제 S급; 국제 A1급,platform work; algorithmic control; well-being,needs_manual_review,no,,,,no,no,yes,yes,28.39,reject_low_priority
T007,9,platform work algorithmic control platform work algorithmic control,"House of gigs. Domestic workers, algorithmic management and the Platform Work Directive",Antonio Aloisi; Nastazja Potocka-Sionek,2025,,10.2139/ssrn.5161650,49.71857,posted-content,Elsevier BV,2. 조직인사,organization-hr,국제 S급; 국제 A1급,platform work; algorithmic control; well-being,needs_manual_review,no,,,,no,no,yes,yes,28.29,reject_low_priority
T008,1,remote work knowledge sharing remote work knowledge sharing,Factors Shaping Knowledge Sharing Behaviour in Remote Work,Anna Albrychiewicz-Słocińska,2025,European Conference on Knowledge Management,10.34190/eckm.26.1.3743,56.064205,journal-article,Academic Conferences and Publishing International Ltd,1. 공통,common,국제 S급; 국제 A1급,remote work; knowledge sharing; collaboration,needs_manual_review,no,,,,no,yes,yes,yes,54.34,topic_only_review
T008,2,remote work knowledge sharing remote work knowledge sharing,"The Relationship Between Remote Work, Knowledge Sharing and Knowledge Hiding",Daniela Cidade; Mirian Oliveira; Mário Bissani,2022,European Conference on Knowledge Management,10.34190/eckm.23.1.519,54.80321,journal-article,Academic Conferences and Publishing International Ltd,1. 공통,common,국제 S급; 국제 A1급,remote work; knowledge sharing; collaboration,needs_manual_review,no,,,,no,yes,yes,yes,54.13,topic_only_review
T008,3,remote work knowledge sharing remote work knowledge sharing,Knowledge Sharing and Protection Mechanisms in Hybrid and Remote Work Settings,Mario Bissani,2024,European Conference on Knowledge Management,10.34190/eckm.25.1.2886,54.54339,journal-article,Academic Conferences and Publishing International Ltd,1. 공통,common,국제 S급; 국제 A1급,remote work; knowledge sharing; collaboration,needs_manual_review,no,,,,no,yes,yes,yes,54.09,topic_only_review
T008,6,remote work knowledge sharing remote work knowledge sharing,"Remote work, employee productivity and innovation: the moderating roles of knowledge sharing and digital business intensity",Joseph K. Nwankpa; Yazan F. Roumani,2024,Journal of Knowledge Management,10.1108/jkm-12-2022-0967,49.298767,journal-article,Emerald,1. 공통,common,국제 S급; 국제 A1급,remote work; knowledge sharing; collaboration,needs_manual_review,no,,,,no,yes,yes,yes,53.22,topic_only_review
T008,5,remote work knowledge sharing remote work knowledge sharing,"Knowledge Sharing Practices, Job Resourcefulness, Knowledge Sharing Behaviour of Disaster Management Workers: Role of High-Performance Work Systems",Ume Rubaca,2023,,10.2139/ssrn.4361545,50.25163,posted-content,Elsevier BV,1. 공통,common,국제 S급; 국제 A1급,remote work; knowledge sharing; collaboration,needs_manual_review,no,,,,no,no,yes,yes,28.38,reject_low_priority
T008,8,remote work knowledge sharing remote work knowledge sharing,"Role of Knowledge Sharing Enablers, Motivation Work Behaviour, and Individual Innovation Capability on Employee Performancee",Feby Tiara Pinata; Sumartik Sumartik,2023,,10.21070/ups.1435,48.385124,posted-content,Universitas Muhammadiyah Sidoarjo,1. 공통,common,국제 S급; 국제 A1급,remote work; knowledge sharing; collaboration,needs_manual_review,no,,,,no,no,yes,yes,28.06,reject_low_priority
T008,4,remote work knowledge sharing remote work knowledge sharing,Knowledge Sharing as Identity Work and Professional Virtue,,2016,Knowledge Sharing in Professions,10.4324/9781315591193-3,50.41079,book-chapter,Routledge,1. 공통,common,국제 S급; 국제 A1급,remote work; knowledge sharing; collaboration,needs_manual_review,no,,,,no,no,yes,no,23.40,reject_low_priority
T008,7,remote work knowledge sharing remote work knowledge sharing,"Management Consultants: Knowledge Claims, Relational Identities and the Need for Knowledge Sharing in Consulting Work",,2016,Knowledge Sharing in Professions,10.4324/9781315591193-5,48.971725,book-chapter,Routledge,1. 공통,common,국제 S급; 국제 A1급,remote work; knowledge sharing; collaboration,needs_manual_review,no,,,,no,no,yes,no,23.16,reject_low_priority
T008,9,remote work knowledge sharing remote work knowledge sharing,Appreciative Sharing for Organizational Knowledge Work,Kam Hou Vat,,"Encyclopedia of Knowledge Management, Second Edition",10.4018/978-1-59904-931-1.ch004,48.259468,book-chapter,IGI Global,1. 공통,common,국제 S급; 국제 A1급,remote work; knowledge sharing; collaboration,needs_manual_review,no,,,,no,no,yes,no,23.04,reject_low_priority
T008,10,remote work knowledge sharing remote work knowledge sharing,"Cooperation, Work Relations, Knowledge Sharing and Coordination",Maureen Guirdham,2015,Work Communication,10.1007/978-1-137-35145-6_9,48.231285,book-chapter,Macmillan Education UK,1. 공통,common,국제 S급; 국제 A1급,remote work; knowledge sharing; collaboration,needs_manual_review,no,,,,no,no,yes,no,23.04,reject_low_priority
T009,1,digital transformation dynamic capabilities digital transformation dynamic capabilities,Managerial capabilities as facilitators of digital transformation? Dynamic managerial capabilities as antecedents to digital business model transformation and firm performance,Tim Heubeck,2023,Digital Business,10.1016/j.digbus.2023.100053,66.104836,journal-article,Elsevier BV,3. 전략/국제경영,international-business,국제 S급; 국제 A1급,digital transformation; dynamic capabilities; firm performance,needs_manual_review,no,,,,no,yes,yes,yes,55.00,topic_only_review
T009,6,digital transformation dynamic capabilities digital transformation dynamic capabilities,"DYNAMIC CAPABILITIES, DIGITAL TRANSFORMATION AND VISION OF SUSTAINABILITY: A REVIEW",Pankaj Kumar,2025,SSRN Electronic Journal,10.2139/ssrn.5149885,57.955776,journal-article,Elsevier BV,3. 전략/국제경영,international-business,국제 S급; 국제 A1급,digital transformation; dynamic capabilities; firm performance,needs_manual_review,no,,,,no,yes,yes,yes,54.66,topic_only_review
T009,8,digital transformation dynamic capabilities digital transformation dynamic capabilities,Champions of Digital Transformation? The Dynamic Capabilities of Hidden Champions,Daniel Wittenstein,2020,SSRN Electronic Journal,10.2139/ssrn.3736759,57.934757,journal-article,Elsevier BV,3. 전략/국제경영,international-business,국제 S급; 국제 A1급,digital transformation; dynamic capabilities; firm performance,needs_manual_review,no,,,,no,yes,yes,yes,54.66,topic_only_review
T009,9,digital transformation dynamic capabilities digital transformation dynamic capabilities,Transformation Management Capabilities for Digital Transformation Initiatives: A Construct Conceptualization in Alignment with the Dynamic Capabilities Framework,Daniel LUKITO; Suharnomo Suharnomo; Mirwan S. PERDHANA,2022,Journal of Organizational Management Studies,10.5171/2022.845443,56.86889,journal-article,IBIMA Publishing,3. 전략/국제경영,international-business,국제 S급; 국제 A1급,digital transformation; dynamic capabilities; firm performance,needs_manual_review,no,,,,no,yes,yes,yes,54.48,topic_only_review
T009,10,digital transformation dynamic capabilities digital transformation dynamic capabilities,Exploring supply chain managers' complex perceptions of dynamic capabilities for digital transformation,Mario Dobrovnik; David M. Herold; Sebastian Kummer,2025,Digital Business,10.1016/j.digbus.2024.100098,56.302483,journal-article,Elsevier BV,3. 전략/국제경영,international-business,국제 S급; 국제 A1급,digital transformation; dynamic capabilities; firm performance,needs_manual_review,no,,,,no,yes,yes,yes,54.38,topic_only_review
T009,5,digital transformation dynamic capabilities digital transformation dynamic capabilities,From Augmentation to Innovation: A Dynamic Capabilities Framework for AI Transformation in Digital Business,Khoon Seang (Richard) Kang,2026,,10.2139/ssrn.6716249,58.8107,posted-content,Elsevier BV,3. 전략/국제경영,international-business,국제 S급; 국제 A1급,digital transformation; dynamic capabilities; firm performance,needs_manual_review,no,,,,no,no,yes,yes,29.80,reject_low_priority
T009,7,digital transformation dynamic capabilities digital transformation dynamic capabilities,"Dynamic Ai Marketing Capabilities: A Multilevel Analysis of Organizational Sensing, Seizing, Andtransforming in Digital Marketing Transformation",Roger Halaby,2025,,10.2139/ssrn.5399795,57.95512,posted-content,Elsevier BV,3. 전략/국제경영,international-business,국제 S급; 국제 A1급,digital transformation; dynamic capabilities; firm performance,needs_manual_review,no,,,,no,no,yes,yes,29.66,reject_low_priority
T009,2,digital transformation dynamic capabilities digital transformation dynamic capabilities,Hierarchical Dynamic Capabilities in Digital Transformation: An MNE Orchestration Framework,Ting Zhang,,,10.26686/1gkh-y0vm,65.76366,dissertation,Victoria University of Wellington Library,3. 전략/국제경영,international-business,국제 S급; 국제 A1급,digital transformation; dynamic capabilities; firm performance,needs_manual_review,no,,,,no,no,yes,no,25.00,reject_low_priority
T009,3,digital transformation dynamic capabilities digital transformation dynamic capabilities,Digital transformation: an overview of the phenomenon based on a dynamic capabilities framework,Raphael Donaire Albino,,,10.11606/t.12.2021.tde-20052021-173518,61.71441,dissertation,"Universidade de Sao Paulo, Agencia USP de Gestao da Informacao Academica (AGUIA)",3. 전략/국제경영,international-business,국제 S급; 국제 A1급,digital transformation; dynamic capabilities; firm performance,needs_manual_review,no,,,,no,no,yes,no,25.00,reject_low_priority
T009,4,digital transformation dynamic capabilities digital transformation dynamic capabilities,Mastering digital procurement transformation,Silke Herold,,,10.26481/dis.20251107sh,58.901245,dissertation,Maastricht University,3. 전략/국제경영,international-business,국제 S급; 국제 A1급,digital transformation; dynamic capabilities; firm performance,needs_manual_review,no,,,,no,no,yes,no,24.82,reject_low_priority
T010,1,ESG disclosure firm value ESG disclosure firm value,"PENGARUH ESG DISCLOSURE, GREEN ACCOUNTING DAN INTELLECTUAL CAPITAL TERHADAP FIRM VALUE",Rendy Prasetiyo; Dea Annisa,2025,CURRENT: Jurnal Kajian  Akuntansi dan Bisnis Terkini,10.31258/current.6.3.526-537,75.04908,journal-article,Lembaga Penelitian dan Pengabdian kepada Masyarakat Universitas Riau,7. 회계/재무,accounting,국제 S급; 국제 A1급,ESG disclosure; firm value; investor response,needs_manual_review,no,,,,no,yes,yes,yes,55.00,topic_only_review
T010,3,ESG disclosure firm value ESG disclosure firm value,Does Business Ethics Disclosure Contribute to ESG Disclosure and ESG Performance on Firm Value?,Wijaya Triwacananingrum; Rahmawati .; Djuminah .; Agung Nur Probohudono,2024,Journal of Ecohumanism,10.62754/joe.v3i4.3572,71.714165,journal-article,Creative Publishing House,7. 회계/재무,accounting,국제 S급; 국제 A1급,ESG disclosure; firm value; investor response,needs_manual_review,no,,,,no,yes,yes,yes,55.00,topic_only_review
T010,6,ESG disclosure firm value ESG disclosure firm value,"Understanding the Relationship between ESG Disclosure, Financial Distress and Firm Value: The Moderating Role of Cash Holdings",Suwarno Suwarno; Suwandi Suwandi; Nyimas Wardatul Afiqoh Nyimas Wardatul Afiqoh,2026,GLOBAL BUSINESS FINANCE REVIEW,10.17549/gbfr.2026.31.4.187,68.77621,journal-article,People and Global Business Association,7. 회계/재무,accounting,국제 S급; 국제 A1급,ESG disclosure; firm value; investor response,needs_manual_review,no,,,,no,yes,yes,yes,55.00,topic_only_review
T010,7,ESG disclosure firm value ESG disclosure firm value,"ROE as A Moderating Influence of ESG, Green Innovation and Carbon Emission Disclosure on Firm Value",Andri Indrawan; Irfan Sophan Himawan; Elan Eriswanto; Salma Amelia Rahmadini,2025,"BALANCE: Economic, Business, Management and Accounting Journal",10.30651/blc.v22i2.26020,68.53124,journal-article,Universitas Muhammadiyah Surabaya,7. 회계/재무,accounting,국제 S급; 국제 A1급,ESG disclosure; firm value; investor response,needs_manual_review,no,,,,no,yes,yes,yes,55.00,topic_only_review
T010,8,ESG disclosure firm value ESG disclosure firm value,"ESG DISCLOSURE, CORPORATE GOVERNANCE, AND FIRM VALUE: EVIDENCE FROM LISTED COMPANIES",Murtiadi Awaluddin,2026,Journal of Hunan University Natural Sciences,10.55463/issn.1674-2974.53.4.4,67.92484,journal-article,Science Press,7. 회계/재무,accounting,국제 S급; 국제 A1급,ESG disclosure; firm value; investor response,needs_manual_review,no,,,,no,yes,yes,yes,55.00,topic_only_review
T010,10,ESG disclosure firm value ESG disclosure firm value,"ESG Disclosure, Institutional Investor Preferences and Firm Value",Qian Xiao,2024,"Frontiers in Business, Economics and Management",10.54097/sj18nb28,67.183105,journal-article,Darcy & Roy Press Co. Ltd.,7. 회계/재무,accounting,국제 S급; 국제 A1급,ESG disclosure; firm value; investor response,needs_manual_review,no,,,,no,yes,yes,yes,55.00,topic_only_review
T010,2,ESG disclosure firm value ESG disclosure firm value,"Towards a Sustainable Future: ESG Disclosure, Environmental Innovation, Firm Value",Ahmad Alodat; Yunhong Hao; Jie Hao,2025,,10.2139/ssrn.5346891,73.220634,posted-content,Elsevier BV,7. 회계/재무,accounting,국제 S급; 국제 A1급,ESG disclosure; firm value; investor response,needs_manual_review,no,,,,no,no,yes,yes,30.00,reject_low_priority
T010,4,ESG disclosure firm value ESG disclosure firm value,Environmental Social Governance Disclosure and Firm Value: How Does ESG Disclosure Impact Firm Value?,Nadya Novita; Lindrianasari Lindrianasari; Fitra Dharma,2023,"Proceedings of the 6th International Conference of Economics, Business, and Entrepreneurship, ICEBE 2023, 13-14 September 2023, Bandar Lampung, Indonesia",10.4108/eai.13-9-2023.2341101,71.017006,proceedings-article,EAI,7. 회계/재무,accounting,국제 S급; 국제 A1급,ESG disclosure; firm value; investor response,needs_manual_review,no,,,,no,no,yes,yes,30.00,reject_low_priority
T010,5,ESG disclosure firm value ESG disclosure firm value,"Environmental, Social, and Governance (ESG) Disclosure, Cash Holding, Capital Structure on Financial Performance and Firm Value",Luluk Zakiyah; Eny Maryanti,2024,,10.21070/ups.4704,69.67857,posted-content,Universitas Muhammadiyah Sidoarjo,7. 회계/재무,accounting,국제 S급; 국제 A1급,ESG disclosure; firm value; investor response,needs_manual_review,no,,,,no,no,yes,yes,30.00,reject_low_priority
T010,9,ESG disclosure firm value ESG disclosure firm value,"The ESG Disclosure–Performance Paradox in BRICS: Strategic Alignment, Total Shareholder Returns, Profitability, and Firm Value",Marcos Cardillo; Leonardo Cruz Basso,2025,,10.2139/ssrn.5221621,67.90163,posted-content,Elsevier BV,7. 회계/재무,accounting,국제 S급; 국제 A1급,ESG disclosure; firm value; investor response,needs_manual_review,no,,,,no,no,yes,yes,30.00,reject_low_priority
T011,3,greenwashing consumer skepticism greenwashing skepticism,"CORPORATE SUSTAINABILITY: THE ROLE OF CONSUMER SKEPTICISM, TRANSPARENCY, AND MARKETING IN GREENWASHING PRACTICES",Ayyoob A; Aparna Sajeev,2024,Corporate Governance Insight,10.58426/cgi.v6.i2.2024.51-68,51.840965,journal-article,Global Research Foundation for Corporate Governance,4. 마케팅,marketing,국제 S급; 국제 A1급,greenwashing; skepticism; sustainable consumption,needs_manual_review,no,,,,no,yes,yes,yes,53.64,topic_only_review
T011,4,greenwashing consumer skepticism greenwashing skepticism,Greenwashing and consumer skepticism toward eco-labels in Croatia: challenges and policy directions,Ivan Kovač; Dario Dunković; Barbara Kovač,2025,British Food Journal,10.1108/bfj-02-2025-0122,51.546432,journal-article,Emerald,4. 마케팅,marketing,국제 S급; 국제 A1급,greenwashing; skepticism; sustainable consumption,needs_manual_review,no,,,,no,yes,yes,yes,53.59,topic_only_review
T011,5,greenwashing consumer skepticism greenwashing skepticism,"Digital greenwashing and consumer skepticism: Trust, attitude, and sustainable consumption in the online marketplace",Manjula P; Syed Abid Hussain,2025,Wisdom Management Journal,10.64848/wmj.1.2.2025.72-81,50.236267,journal-article,Wisdom Consulting Services,4. 마케팅,marketing,국제 S급; 국제 A1급,greenwashing; skepticism; sustainable consumption,needs_manual_review,no,,,,no,yes,yes,yes,53.37,topic_only_review
T011,6,greenwashing consumer skepticism greenwashing skepticism,Attention and skepticism to greenwashing: analysis of influence on consumer behavior,Taís Pasquotto Andreoli; Silvio Augusto Minciotti,2023,Revista de Administração da UFSM,10.5902/1983465973743,48.727398,journal-article,Universidade Federal de Santa Maria,4. 마케팅,marketing,국제 S급; 국제 A1급,greenwashing; skepticism; sustainable consumption,needs_manual_review,no,,,,no,yes,yes,yes,53.12,topic_only_review
T011,8,greenwashing consumer skepticism greenwashing skepticism,Decision-making mechanisms of greenwashing behaviors of building materials manufacturers: A media disclosure and consumer skepticism perspective,Xingwei Li; Zuoyi Ding,2024,Environmental Technology &amp; Innovation,10.1016/j.eti.2024.103705,47.224743,journal-article,Elsevier BV,4. 마케팅,marketing,국제 S급; 국제 A1급,greenwashing; skepticism; sustainable consumption,needs_manual_review,no,,,,no,yes,yes,yes,52.87,topic_only_review
T011,10,greenwashing consumer skepticism greenwashing skepticism,Attention and Skepticism: Influence on Ad Evaluation with Greenwashing,Tais Pasquotto Andreoli; Silvio Augusto Minciotti; Leandro Leonardo Batista,2025,Brazilian Business Review,10.15728/bbr.2023.1539.en,44.68924,journal-article,Fucape Business School,4. 마케팅,marketing,국제 S급; 국제 A1급,greenwashing; skepticism; sustainable consumption,needs_manual_review,no,,,,no,yes,yes,yes,52.45,topic_only_review
T011,1,greenwashing consumer skepticism greenwashing skepticism,Greenwashing Training Fosters a General Skepticism Toward Advertisements,Philipp von Sicherer; Gordon Pennycook,2026,,10.31234/osf.io/cnx93_v2,53.44398,posted-content,Center for Open Science,4. 마케팅,marketing,국제 S급; 국제 A1급,greenwashing; skepticism; sustainable consumption,needs_manual_review,no,,,,no,no,yes,yes,28.91,reject_low_priority
T011,2,greenwashing consumer skepticism greenwashing skepticism,Greenwashing Training Fosters a General Skepticism Toward Advertisements,Philipp von Sicherer; Gordon Pennycook,2025,,10.31234/osf.io/cnx93_v1,53.223904,posted-content,Center for Open Science,4. 마케팅,marketing,국제 S급; 국제 A1급,greenwashing; skepticism; sustainable consumption,needs_manual_review,no,,,,no,no,yes,yes,28.87,reject_low_priority
T011,7,greenwashing consumer skepticism greenwashing skepticism,Decoding Greenwashing,Rahul Makker; Ashwarya Kapoor,2025,Futureproofed Sustainability Amidst Climate Change Polycrisis,10.4018/979-8-3373-2327-5.ch003,47.52769,book-chapter,IGI Global Scientific Publishing,4. 마케팅,marketing,국제 S급; 국제 A1급,greenwashing; skepticism; sustainable consumption,needs_manual_review,no,,,,no,no,yes,yes,27.92,reject_low_priority
T011,9,greenwashing consumer skepticism greenwashing skepticism,Managing Circular-Economy Transparency in Electronics Markets: Green Authenticity and Greenwashing Skepticism as Boundary Conditions for Responsible Purchasing,Asem Alnasser; Amr Noureldin,2026,,10.20944/preprints202603.0370.v1,44.793327,posted-content,MDPI AG,4. 마케팅,marketing,국제 S급; 국제 A1급,greenwashing; skepticism; sustainable consumption,needs_manual_review,no,,,,no,no,yes,yes,27.47,reject_low_priority
T012,1,social media influencer authenticity purchase intention influencer authenticity trust,The Effect of Influencer Authenticity on Purchase Intention Mediated by Trust Transfer in Increasing Ventela Brand Consumers,Farizha Dwi Kartika; Siska Ernawati Fatimah,2026,Interdisciplinary Social Studies,10.55324/iss.v5i3.1074,62.279907,journal-article,International Journal Labs,4. 마케팅,marketing,국제 S급; 국제 A1급,influencer authenticity; trust; purchase intention,needs_manual_review,no,,,,no,yes,yes,yes,55.00,topic_only_review
T012,3,social media influencer authenticity purchase intention influencer authenticity trust,Purchase intention to virtual influencer marketing: Social presence theory highlights authenticity over influencer type,Erika Putri Wulandari; Steffen Hasta; Yolanda Masnita; Husna Leila Yusran,2026,Journal of Management and Digital Business,10.53088/jmdb.v6i1.2605,61.284157,journal-article,Nur Science Institute,4. 마케팅,marketing,국제 S급; 국제 A1급,influencer authenticity; trust; purchase intention,needs_manual_review,no,,,,no,yes,yes,yes,55.00,topic_only_review
T012,7,social media influencer authenticity purchase intention influencer authenticity trust,Exploring the Influence of Fashion Influencer Attributes on Perceived Authenticity and Attitude Toward the Influencer: Implications for Purchase Intention,"Vineeta, O.P. Gusai",2025,Journal of Informatics Education and Research,10.52783/jier.v5i3.3312,60.93851,journal-article,Science Research Society,4. 마케팅,marketing,국제 S급; 국제 A1급,influencer authenticity; trust; purchase intention,needs_manual_review,no,,,,no,yes,yes,yes,55.00,topic_only_review
T012,2,social media influencer authenticity purchase intention influencer authenticity trust,The Influencer Industry,Emily Hund,2023,,10.1353/book.110091,62.08449,monograph,Princeton University Press,4. 마케팅,marketing,국제 S급; 국제 A1급,influencer authenticity; trust; purchase intention,needs_manual_review,no,,,,no,no,yes,yes,30.00,reject_low_priority
T012,4,social media influencer authenticity purchase intention influencer authenticity trust,Introduction,,2023,The Influencer Industry,10.1515/9780691234076-003,61.103043,book-chapter,Princeton University Press,4. 마케팅,marketing,국제 S급; 국제 A1급,influencer authenticity; trust; purchase intention,needs_manual_review,no,,,,no,no,yes,yes,30.00,reject_low_priority
T012,5,social media influencer authenticity purchase intention influencer authenticity trust,Notes,,2023,The Influencer Industry,10.1515/9780691234076-011,61.05467,book-chapter,Princeton University Press,4. 마케팅,marketing,국제 S급; 국제 A1급,influencer authenticity; trust; purchase intention,needs_manual_review,no,,,,no,no,yes,yes,30.00,reject_low_priority
T012,6,social media influencer authenticity purchase intention influencer authenticity trust,Acknowledgments,,2023,The Influencer Industry,10.1515/9780691234076-002,61.02913,book-chapter,Princeton University Press,4. 마케팅,marketing,국제 S급; 국제 A1급,influencer authenticity; trust; purchase intention,needs_manual_review,no,,,,no,no,yes,yes,30.00,reject_low_priority
T012,8,social media influencer authenticity purchase intention influencer authenticity trust,The Illusion of Authenticity in Social Media Influencer Culture,Idachaba Ojonugwa Seun Glory,2026,,10.31235/osf.io/bfngd_v1,60.75454,posted-content,Center for Open Science,4. 마케팅,marketing,국제 S급; 국제 A1급,influencer authenticity; trust; purchase intention,needs_manual_review,no,,,,no,no,yes,yes,30.00,reject_low_priority
T012,9,social media influencer authenticity purchase intention influencer authenticity trust,Frontmatter,,2023,The Influencer Industry,10.1515/9780691234076-fm,60.75018,book-chapter,Princeton University Press,4. 마케팅,marketing,국제 S급; 국제 A1급,influencer authenticity; trust; purchase intention,needs_manual_review,no,,,,no,no,yes,yes,30.00,reject_low_priority
T012,10,social media influencer authenticity purchase intention influencer authenticity trust,The Influencer Industry,Emily Hund,2023,,10.1515/9780691234076,60.723877,edited-book,Princeton University Press,4. 마케팅,marketing,국제 S급; 국제 A1급,influencer authenticity; trust; purchase intention,needs_manual_review,no,,,,no,no,yes,yes,30.00,reject_low_priority
T013,6,privacy personalization tradeoff marketing privacy personalization,Transformative privacy calculus: Conceptualizing the personalization‐privacy paradox on social media,Julien Cloarec; Lars Meyer‐Waarden; Andreas Munzel,2024,Psychology &amp; Marketing,10.1002/mar.21998,46.720833,journal-article,Wiley,4. 마케팅,marketing,국제 S급; 국제 A1급,privacy; personalization; digital marketing,needs_manual_review,no,,,,no,yes,yes,yes,52.79,topic_only_review
T013,10,privacy personalization tradeoff marketing privacy personalization,Place Determinants for the Personalization-Privacy Tradeoff among Students,Maor Weinberger; Dan Bouhnik,2018,Issues in Informing Science and Information Technology,10.28945/4019,45.872158,journal-article,Informing Science Institute,4. 마케팅,marketing,국제 S급; 국제 A1급,privacy; personalization; digital marketing,needs_manual_review,no,,,,no,yes,yes,no,47.65,topic_only_review
T013,2,privacy personalization tradeoff marketing privacy personalization,Toward privacy-focused personalization: Designing a learning experience to facilitate privacy-personalization trade-off,Adrienn Toth,2024,"Adjunct Proceedings of the 32nd ACM Conference on User Modeling, Adaptation and Personalization",10.1145/3631700.3664914,49.48281,proceedings-article,ACM,4. 마케팅,marketing,국제 S급; 국제 A1급,privacy; personalization; digital marketing,needs_manual_review,no,,,,no,no,yes,yes,28.25,reject_low_priority
T013,3,privacy personalization tradeoff marketing privacy personalization,"Surveillance Capabilities, Contextual Personalization-Privacy Tradeoff, and Intention to Use Smart Home Services--Measurement Model",Fengjiao Zhang; Zhao Pan; Yaobin Lu,2024,PsycTESTS Dataset,10.1037/t92728-000,49.029205,dataset,American Psychological Association (APA),4. 마케팅,marketing,국제 S급; 국제 A1급,privacy; personalization; digital marketing,needs_manual_review,no,,,,no,no,yes,yes,28.17,reject_low_priority
T013,7,privacy personalization tradeoff marketing privacy personalization,Privacy and Personalization in IoT-Supported Devices,Fatih BİLİCİ,2025,,10.22541/au.174102048.81192593/v1,46.66639,posted-content,Wiley,4. 마케팅,marketing,국제 S급; 국제 A1급,privacy; personalization; digital marketing,needs_manual_review,no,,,,no,no,yes,yes,27.78,reject_low_priority
T013,9,privacy personalization tradeoff marketing privacy personalization,Differential Privacy with Semantic Neighboring: A Notion of Privacy for Personalization Services,Ehsan Edalat; Mehran S. Fallah,2025,,10.36227/techrxiv.173738347.74509154/v1,45.933605,posted-content,Institute of Electrical and Electronics Engineers (IEEE),4. 마케팅,marketing,국제 S급; 국제 A1급,privacy; personalization; digital marketing,needs_manual_review,no,,,,no,no,yes,yes,27.66,reject_low_priority
T013,1,privacy personalization tradeoff marketing privacy personalization,Place Determinants for the Personalization-Privacy Tradeoff among Students,,2018,InSITE Conference,10.28945/4069,51.285477,proceedings-article,Informing Science Institute,4. 마케팅,marketing,국제 S급; 국제 A1급,privacy; personalization; digital marketing,needs_manual_review,no,,,,no,no,yes,no,23.55,reject_low_priority
T013,4,privacy personalization tradeoff marketing privacy personalization,Technical Solutions for Privacy- Enhanced Personalization,Yang Wang,,Intelligent User Interfaces,10.4018/9781605660325.ch017,47.537037,book-chapter,IGI Global,4. 마케팅,marketing,국제 S급; 국제 A1급,privacy; personalization; digital marketing,needs_manual_review,no,,,,no,no,yes,no,22.92,reject_low_priority
T013,5,privacy personalization tradeoff marketing privacy personalization,The Personalization-Privacy Paradox in the Attention Economy,Julien Cloarec,,,10.70675/3fbb380bz8c98z4ab5z8c08z6d70e5703e1e,47.033028,dissertation,Agence Bibliographique de l'Enseignement Supérieur,4. 마케팅,marketing,국제 S급; 국제 A1급,privacy; personalization; digital marketing,needs_manual_review,no,,,,no,no,yes,no,22.84,reject_low_priority
T013,8,privacy personalization tradeoff marketing privacy personalization,Technical Solutions for Privacy- Enhanced Personalization,Yang Wang,2009,Intelligent User Interfaces,10.4018/978-1-60566-032-5.ch017,46.599434,book-chapter,IGI Global,4. 마케팅,marketing,국제 S급; 국제 A1급,privacy; personalization; digital marketing,needs_manual_review,no,,,,no,no,yes,no,22.77,reject_low_priority
T014,1,FinTech adoption trust risk FinTech adoption trust,"Institutional Trust, Risk-Taking, and FinTech Adoption: Evidence from an Emerging Economy",Zsuzsanna Deák; Ádám Béla Horváth,2026,FinTech,10.3390/fintech5020027,67.16778,journal-article,MDPI AG,6. 경영정보,information-systems,국제 S급; 국제 A1급,FinTech adoption; trust; risk,needs_manual_review,no,,,,no,yes,yes,yes,55.00,topic_only_review
T014,2,FinTech adoption trust risk FinTech adoption trust,Trust as Predictor and Mechanism in Green FinTech Adoption: A Systematic Review and Meta-Analysis,Stefanos Balaskas,2026,FinTech,10.3390/fintech5010022,61.954914,journal-article,MDPI AG,6. 경영정보,information-systems,국제 S급; 국제 A1급,FinTech adoption; trust; risk,needs_manual_review,no,,,,no,yes,yes,yes,55.00,topic_only_review
T014,3,FinTech adoption trust risk FinTech adoption trust,"Robo-Advisor Adoption and Influences of Innovation Attributes, Trust, and Image",Norshidah Mohamed,2026,FinTech,10.3390/fintech5010011,61.535233,journal-article,MDPI AG,6. 경영정보,information-systems,국제 S급; 국제 A1급,FinTech adoption; trust; risk,needs_manual_review,no,,,,no,yes,yes,yes,55.00,topic_only_review
T014,4,FinTech adoption trust risk FinTech adoption trust,Exploring Fintech Adoption Among Culinary Enterprises: Mediating Role of Fintech Adoption Intention and Trust,Neva Novianti; Daniati Puttri; Elfitra Azliyanti; Zaitul Zaitul; Desi Ilona,2025,TEM Journal,10.18421/tem144-42,58.2499,journal-article,Association for Information Communication Technology Education and Science (UIKTEN),6. 경영정보,information-systems,국제 S급; 국제 A1급,FinTech adoption; trust; risk,needs_manual_review,no,,,,no,yes,yes,yes,54.71,topic_only_review
T014,6,FinTech adoption trust risk FinTech adoption trust,"FinTech Services Adoption in Greece: The Roles of Trust, Government Support, and Technology Acceptance Factors",Stefanos Balaskas; Maria Koutroumani; Kiriakos Komis; Maria Rigou,2024,FinTech,10.3390/fintech3010006,58.007812,journal-article,MDPI AG,6. 경영정보,information-systems,국제 S급; 국제 A1급,FinTech adoption; trust; risk,needs_manual_review,no,,,,no,yes,yes,yes,54.67,topic_only_review
T014,8,FinTech adoption trust risk FinTech adoption trust,Trust As an Entry Barrier: Evidence from FinTech Adoption,Keer Yang,2021,SSRN Electronic Journal,10.2139/ssrn.3761468,56.79197,journal-article,Elsevier BV,6. 경영정보,information-systems,국제 S급; 국제 A1급,FinTech adoption; trust; risk,needs_manual_review,no,,,,no,yes,yes,yes,54.47,topic_only_review
T014,9,FinTech adoption trust risk FinTech adoption trust,Trust in Finance and Consumer Fintech Adoption,Mikael Paaso; Deniz Okat; Vesa Pursiainen,2021,SSRN Electronic Journal,10.2139/ssrn.3947888,55.207314,journal-article,Elsevier BV,6. 경영정보,information-systems,국제 S급; 국제 A1급,FinTech adoption; trust; risk,needs_manual_review,no,,,,no,yes,yes,yes,54.20,topic_only_review
T014,5,FinTech adoption trust risk FinTech adoption trust,"The Interplay of Perceived Benefit, Perceived Risk, and Trust in Fintech Adoption: Insights from Sub-Saharan Africa",Thomas Appiah; Veronica  Venyo Agblewornu,2024,,10.2139/ssrn.4895317,58.105156,posted-content,Elsevier BV,6. 경영정보,information-systems,국제 S급; 국제 A1급,FinTech adoption; trust; risk,needs_manual_review,no,,,,no,no,yes,yes,29.68,reject_low_priority
T014,7,FinTech adoption trust risk FinTech adoption trust,"From Risk Aversion to Adoption: The Role of Trust, Emotions, and Affiliate Marketing in FinTech Consumer Behavior",Sergio Silva; Arnaldo Coelho; Catarina Proença,2025,,10.2139/ssrn.5634431,57.34444,posted-content,Elsevier BV,6. 경영정보,information-systems,국제 S급; 국제 A1급,FinTech adoption; trust; risk,needs_manual_review,no,,,,no,no,yes,yes,29.56,reject_low_priority
T014,10,FinTech adoption trust risk FinTech adoption trust,"Trust and Financial Literacy Shape Fintech Adoption and Performance in Micro, Small, and Medium-Sized Enterprises",Lucy simani wamalwa; Linda Wanyama,2025,,10.31124/advance.175801923.38494076/v1,54.287052,posted-content,SAGE Publications,6. 경영정보,information-systems,국제 S급; 국제 A1급,FinTech adoption; trust; risk,needs_manual_review,no,,,,no,no,yes,yes,29.05,reject_low_priority
T015,3,blockchain supply chain transparency blockchain supply chain transparency,Blockchain and AI Integration: Transforming Transparency in Supply Chain Management,,2024,European Economic Letters,10.52783/eel.v14i3.1885,73.28966,journal-article,Science Research Society,5. 생산관리,operations,국제 S급; 국제 A1급,blockchain; supply chain transparency; performance,needs_manual_review,no,,,,no,yes,yes,yes,55.00,topic_only_review
T015,5,blockchain supply chain transparency blockchain supply chain transparency,Impact of Blockchain Technology on Supply Chain Transparency in Japan,Takesh Sakamoto,2024,American Journal of Supply Chain Management,10.47672/ajscm.2461,70.74274,journal-article,AJPO JOURNALS,5. 생산관리,operations,국제 S급; 국제 A1급,blockchain; supply chain transparency; performance,needs_manual_review,no,,,,no,yes,yes,yes,55.00,topic_only_review
T015,6,blockchain supply chain transparency blockchain supply chain transparency,The Role of Blockchain Technology in Enhancing Supply Chain Transparency in Europe,,2023,Journal of Procurement &amp; Supply Chain,10.53819/81018102t2179,70.65459,journal-article,Stratford Peer Reviewed Journal & Book Publishing,5. 생산관리,operations,국제 S급; 국제 A1급,blockchain; supply chain transparency; performance,needs_manual_review,no,,,,no,yes,yes,yes,55.00,topic_only_review
T015,10,blockchain supply chain transparency blockchain supply chain transparency,Blockchain Ai for Supply Chain Transparency Integrating Blockchain with AI to Detect Fraud and Ensure Transparency Across Multi-Tier Global Supply Chains,,2025,Business &amp; Social Sciences,10.25163/business.3110457,70.31622,journal-article,Eman Research Publishing LLC,5. 생산관리,operations,국제 S급; 국제 A1급,blockchain; supply chain transparency; performance,needs_manual_review,no,,,,no,yes,yes,yes,55.00,topic_only_review
T015,8,blockchain supply chain transparency blockchain supply chain transparency,The Supply Chain Has No Clothes: Technology Adoption of Blockchain for Supply Chain Transparency,Kristoffer Francisco; David Swanson,2018,Logistics,10.3390/logistics2010002,70.58479,journal-article,MDPI AG,5. 생산관리,operations,국제 S급; 국제 A1급,blockchain; supply chain transparency; performance,needs_manual_review,no,,,,no,yes,yes,no,50.00,topic_only_review
T015,1,blockchain supply chain transparency blockchain supply chain transparency,Supply chain transparency,,2020,White Paper on Blockchain in Trade Facilitation,10.18356/9789210052542c007,73.492004,book-chapter,United Nations,5. 생산관리,operations,국제 S급; 국제 A1급,blockchain; supply chain transparency; performance,needs_manual_review,no,,,,no,no,yes,yes,30.00,reject_low_priority
T015,2,blockchain supply chain transparency blockchain supply chain transparency,Organizational Behavior Dynamics in Adopting Blockchain for Supply Chain Transparency,Emmanuel Idowu,2025,,10.2139/ssrn.5469434,73.38806,posted-content,Elsevier BV,5. 생산관리,operations,국제 S급; 국제 A1급,blockchain; supply chain transparency; performance,needs_manual_review,no,,,,no,no,yes,yes,30.00,reject_low_priority
T015,4,blockchain supply chain transparency blockchain supply chain transparency,Blockchain and IoT Integration-Based Transparency of Supply Chain Social Sustainability,S. Porkodi; D. Kesavaraja,2024,"Blockchain, IoT, and AI Technologies for Supply Chain Management",10.1007/979-8-8688-0315-4_8,71.7625,book-chapter,Apress,5. 생산관리,operations,국제 S급; 국제 A1급,blockchain; supply chain transparency; performance,needs_manual_review,no,,,,no,no,yes,yes,30.00,reject_low_priority
T015,7,blockchain supply chain transparency blockchain supply chain transparency,Blockchain and IoT for Transparency and Traceability in Supply Chain Management,Elias-Nelu Dejan; Mara Hajdu Măcelaru; Petrică Pop,2026,Proceedings of the 18th International Conference on Agents and Artificial Intelligence,10.5220/0014417000004052,70.597,proceedings-article,SCITEPRESS - Science and Technology Publications,5. 생산관리,operations,국제 S급; 국제 A1급,blockchain; supply chain transparency; performance,needs_manual_review,no,,,,no,no,yes,yes,30.00,reject_low_priority
T015,9,blockchain supply chain transparency blockchain supply chain transparency,Blockchain for Supply Chain Innovation and Transparency: A PRISMA-Based Systematic Review: Enhancing Supply Chains with Blockchain,Aba-Talib Khawla; Zouine Abdessamad; Iazza Wafaa,2025,2025 16th International Conference on Logistics and Supply Chain Management (LOGISTIQUA),10.1109/logistiqua66323.2025.11122716,70.56887,proceedings-article,IEEE,5. 생산관리,operations,국제 S급; 국제 A1급,blockchain; supply chain transparency; performance,needs_manual_review,no,,,,no,no,yes,yes,30.00,reject_low_priority
T016,2,AI decision support managerial judgment AI decision support managerial judgment,Algorithmic trust fatigue: How excessive AI-Driven decision support erodes managerial judgment in modern organizations,Amenah Hadi Ameen; Safa Raid Adnan Al-Ansari,2025,International Journal of Research in Finance and Management,10.33545/26175754.2025.v8.i2l.649,59.44303,journal-article,Comprehensive Publications,6. 경영정보,information-systems,국제 S급; 국제 A1급,AI decision support; managerial judgment; decision quality,needs_manual_review,no,,,,no,yes,yes,yes,54.91,topic_only_review
T016,3,AI decision support managerial judgment AI decision support managerial judgment,Impact of AI-Based Decision Support Systems on Managerial Decision,Arta Jashari Goga,2025,Journal of Cultural Analysis and Social Change,10.64753/jcasc.v10i4.3117,59.320282,journal-article,Brighteredge Press Resources,6. 경영정보,information-systems,국제 S급; 국제 A1급,AI decision support; managerial judgment; decision quality,needs_manual_review,no,,,,no,yes,yes,yes,54.89,topic_only_review
T016,6,AI decision support managerial judgment AI decision support managerial judgment,Toward a Standards Framework for Hybrid Intelligence Governance: Integrating Human Judgment and AI Decision Support,Haris Alibašić,2026,Standards,10.3390/standards6020020,56.893085,journal-article,MDPI AG,6. 경영정보,information-systems,국제 S급; 국제 A1급,AI decision support; managerial judgment; decision quality,needs_manual_review,no,,,,no,yes,yes,yes,54.48,topic_only_review
T016,7,AI decision support managerial judgment AI decision support managerial judgment,Integrating Explainable Ai (Xai) Into Decision Support Systems: A Framework for Enhancing Transparency and Trust in Managerial Decision-Making,Aljwhrh Almtrf,2025,International Journal of Managerial Studies and Research,10.20431/2349-0349.1309002,56.695374,journal-article,ARC Publications,6. 경영정보,information-systems,국제 S급; 국제 A1급,AI decision support; managerial judgment; decision quality,needs_manual_review,no,,,,no,yes,yes,yes,54.45,topic_only_review
T016,8,AI decision support managerial judgment AI decision support managerial judgment,"Explainable AI-Driven Decision Support for Social Benefit Optimization: Improving Fairness, Reliability, and Managerial Oversight",Shakun Garg; Amit Verma,2026,"International Journal on Engineering Artificial Intelligence Management, Decision Support, and Policies",10.63503/j.ijaimd.2025.195,56.01355,journal-article,Adroid Connectz Private Limited,6. 경영정보,information-systems,국제 S급; 국제 A1급,AI decision support; managerial judgment; decision quality,needs_manual_review,no,,,,no,yes,yes,yes,54.34,topic_only_review
T016,9,AI decision support managerial judgment AI decision support managerial judgment,Designing Human–AI Collaborative Decision Analytics Frameworks to Enhance Managerial Judgment and Organizational Performance,Jannatul Ferdousi; Md Shokran; Md Saiful Islam,2026,Journal of Business and Management Studies,10.32996/jbms.2026.8.1.1,54.88863,journal-article,Al-Kindi Center for Research and Development,6. 경영정보,information-systems,국제 S급; 국제 A1급,AI decision support; managerial judgment; decision quality,needs_manual_review,no,,,,no,yes,yes,yes,54.15,topic_only_review
T016,1,AI decision support managerial judgment AI decision support managerial judgment,ENGENT LABS: AN AI-POWERED ACTIVE LEARNING PLATFORM FOR TEACHING MANAGERIAL JUDGMENT AND DECISION-MAKING,Xiaomin Yang,2026,INTED Proceedings,10.21125/inted.2026.1323,63.653145,proceedings-article,IATED,6. 경영정보,information-systems,국제 S급; 국제 A1급,AI decision support; managerial judgment; decision quality,needs_manual_review,no,,,,no,no,yes,yes,30.00,reject_low_priority
T016,4,AI decision support managerial judgment AI decision support managerial judgment,From Support to Autonomy: Examining the Role of AI in Managerial Decision Processes,Emir Mašić,2025,International Scientific Multidisciplinary Conference AI-SMART 2025: Conference Proceedings,10.31410/ai.smart.2025.53,58.235912,proceedings-article,"Association of Economists and Managers of the Balkans, Belgrade, Serbia",6. 경영정보,information-systems,국제 S급; 국제 A1급,AI decision support; managerial judgment; decision quality,needs_manual_review,no,,,,no,no,yes,yes,29.71,reject_low_priority
T016,5,AI decision support managerial judgment AI decision support managerial judgment,Judgment Assurance: Governing Institutional Judgment in AI-Mediated Decision-Making,Justin Kavalir,2026,,10.2139/ssrn.5954659,58.000763,posted-content,Elsevier BV,6. 경영정보,information-systems,국제 S급; 국제 A1급,AI decision support; managerial judgment; decision quality,needs_manual_review,no,,,,no,no,yes,yes,29.67,reject_low_priority
T016,10,AI decision support managerial judgment AI decision support managerial judgment,Synthesis of Expert Judgment and Statistical Forecasting Models for Decision Support,Derek Bunn,,Expertise and Decision Support,10.1007/978-0-585-34290-0_12,54.853485,book-chapter,Springer US,6. 경영정보,information-systems,국제 S급; 국제 A1급,AI decision support; managerial judgment; decision quality,needs_manual_review,no,,,,no,no,yes,no,24.14,reject_low_priority
T017,5,diversity climate employee voice diversity climate employee voice,Community diversity climate and employee retention: roles of organizational diversity climate and psychological safety,Barjinder Singh; Sarthak Singh; T.T. Selvarajan,2026,"Equality, Diversity and Inclusion: An International Journal",10.1108/edi-04-2025-0281,48.83182,journal-article,Emerald,2. 조직인사,organization-hr,국제 S급; 국제 A1급,diversity climate; employee voice; inclusion,needs_manual_review,no,,,,no,yes,yes,yes,53.14,topic_only_review
T017,4,diversity climate employee voice diversity climate employee voice,"What are the Effects of Employee Voice Mechanisms on Performance, Diversity, and Employee Satisfaction Dimensions in Public Corporations?",Benjamin Colton,2018,SSRN Electronic Journal,10.2139/ssrn.3178382,49.783905,journal-article,Elsevier BV,2. 조직인사,organization-hr,국제 S급; 국제 A1급,diversity climate; employee voice; inclusion,needs_manual_review,no,,,,no,yes,yes,no,48.30,topic_only_review
T017,1,diversity climate employee voice diversity climate employee voice,Diversity management and missing voices,Jawad Syed,2020,Handbook of Research on Employee Voice,10.4337/9781788971188.00037,52.472893,book-chapter,Edward Elgar Publishing,2. 조직인사,organization-hr,국제 S급; 국제 A1급,diversity climate; employee voice; inclusion,needs_manual_review,no,,,,no,no,yes,yes,28.75,reject_low_priority
T017,7,diversity climate employee voice diversity climate employee voice,Employee voice in China,Jenny Chan,2020,Handbook of Research on Employee Voice,10.4337/9781788971188.00039,47.805534,book-chapter,Edward Elgar Publishing,2. 조직인사,organization-hr,국제 S급; 국제 A1급,diversity climate; employee voice; inclusion,needs_manual_review,no,,,,no,no,yes,yes,27.97,reject_low_priority
T017,10,diversity climate employee voice diversity climate employee voice,Industrial democracy and employee voice,Catherine Casey,2020,Handbook of Research on Employee Voice,10.4337/9781788971188.00011,47.325615,book-chapter,Edward Elgar Publishing,2. 조직인사,organization-hr,국제 S급; 국제 A1급,diversity climate; employee voice; inclusion,needs_manual_review,no,,,,no,no,yes,yes,27.89,reject_low_priority
T017,2,diversity climate employee voice diversity climate employee voice,Diversity management and missing voices,Jawad Syed,2014,Handbook of Research on Employee Voice,10.4337/9780857939272.00036,52.471615,book-chapter,Edward Elgar Publishing,2. 조직인사,organization-hr,국제 S급; 국제 A1급,diversity climate; employee voice; inclusion,needs_manual_review,no,,,,no,no,yes,no,23.75,reject_low_priority
T017,3,diversity climate employee voice diversity climate employee voice,"Challenging the Status Quo: Diversity, Employee Voice and Proactive Behaviour",Johannes Rank,2009,"Equality, Diversity and Inclusion at Work",10.4337/9781848449299.00024,50.97335,book-chapter,Edward Elgar Publishing,2. 조직인사,organization-hr,국제 S급; 국제 A1급,diversity climate; employee voice; inclusion,needs_manual_review,no,,,,no,no,yes,no,23.50,reject_low_priority
T017,6,diversity climate employee voice diversity climate employee voice,Informed Employee Voice,,2017,Exploring Internal Communication,10.4324/9781315255620-14,48.185165,book-chapter,Routledge,2. 조직인사,organization-hr,국제 S급; 국제 A1급,diversity climate; employee voice; inclusion,needs_manual_review,no,,,,no,no,yes,no,23.03,reject_low_priority
T017,8,diversity climate employee voice diversity climate employee voice,The missing employee in employee voice research,Dionne M. Pohler; Andrew A. Luchak,2014,Handbook of Research on Employee Voice,10.4337/9780857939272.00020,47.40769,book-chapter,Edward Elgar Publishing,2. 조직인사,organization-hr,국제 S급; 국제 A1급,diversity climate; employee voice; inclusion,needs_manual_review,no,,,,no,no,yes,no,22.90,reject_low_priority
T017,9,diversity climate employee voice diversity climate employee voice,The Effectiveness of Diversity Networks in Providing Collective Voice for Employees,,2016,Nonunion Employee Representation,10.4324/9781315501215-26,47.378696,book-chapter,Routledge,2. 조직인사,organization-hr,국제 S급; 국제 A1급,diversity climate; employee voice; inclusion,needs_manual_review,no,,,,no,no,yes,no,22.90,reject_low_priority
T018,8,organizational resilience crisis management organizational resilience crisis management,The relational activation of resilience model: How leadership activates resilience in an organizational crisis,Winnie L. Teo; Mary Lee; Wee‐Shiong Lim,2017,Journal of Contingencies and Crisis Management,10.1111/1468-5973.12179,55.883568,journal-article,Wiley,3. 전략/국제경영,international-business,국제 S급; 국제 A1급,organizational resilience; crisis management; performance,needs_manual_review,no,,,,no,yes,yes,no,49.31,topic_only_review
T018,2,organizational resilience crisis management organizational resilience crisis management,Organizational Crises as Change,,2020,Crisis Management: Resilience and Change,10.4135/9781506328676.n6,63.67042,book-chapter,"SAGE Publications, Inc.",3. 전략/국제경영,international-business,국제 S급; 국제 A1급,organizational resilience; crisis management; performance,needs_manual_review,no,,,,no,no,yes,yes,30.00,reject_low_priority
T018,3,organizational resilience crisis management organizational resilience crisis management,"Organizational Culture, Identity, and Character",,2020,Crisis Management: Resilience and Change,10.4135/9781506328676.n11,62.6428,book-chapter,"SAGE Publications, Inc.",3. 전략/국제경영,international-business,국제 S급; 국제 A1급,organizational resilience; crisis management; performance,needs_manual_review,no,,,,no,no,yes,yes,30.00,reject_low_priority
T018,4,organizational resilience crisis management organizational resilience crisis management,The Nature of Organizational Crises,,2020,Crisis Management: Resilience and Change,10.4135/9781506328676.n5,62.58978,book-chapter,"SAGE Publications, Inc.",3. 전략/국제경영,international-business,국제 S급; 국제 A1급,organizational resilience; crisis management; performance,needs_manual_review,no,,,,no,no,yes,yes,30.00,reject_low_priority
T018,5,organizational resilience crisis management organizational resilience crisis management,From Control to Care,Sónia Calado,2025,Employee Experience Management for Organizational Resilience,10.4018/979-8-3373-4144-6.ch010,59.68903,book-chapter,IGI Global Scientific Publishing,3. 전략/국제경영,international-business,국제 S급; 국제 A1급,organizational resilience; crisis management; performance,needs_manual_review,no,,,,no,no,yes,yes,29.95,reject_low_priority
T018,7,organizational resilience crisis management organizational resilience crisis management,Employee Engagement and Contribution,Vijay Laxmi; Deepa Verma; Pawan Kumar,2025,Employee Experience Management for Organizational Resilience,10.4018/979-8-3373-4144-6.ch002,58.176964,book-chapter,IGI Global Scientific Publishing,3. 전략/국제경영,international-business,국제 S급; 국제 A1급,organizational resilience; crisis management; performance,needs_manual_review,no,,,,no,no,yes,yes,29.70,reject_low_priority
T018,9,organizational resilience crisis management organizational resilience crisis management,Types and Determinants of Crises and Building Organizational Crisis Resilience,Anna Aleksandra Walecka,2025,Business Networks and Organizational Resilience,10.4324/9781003539490-3,55.846554,book-chapter,Routledge,3. 전략/국제경영,international-business,국제 S급; 국제 A1급,organizational resilience; crisis management; performance,needs_manual_review,no,,,,no,no,yes,yes,29.31,reject_low_priority
T018,1,organizational resilience crisis management organizational resilience crisis management,Crisis Management (I): General Perspectives – From Anticipation to Resilience,,2017,Organizational Crisis Communication,10.4135/9781036235208.n4,65.72536,book-chapter,SAGE Publications Ltd,3. 전략/국제경영,international-business,국제 S급; 국제 A1급,organizational resilience; crisis management; performance,needs_manual_review,no,,,,no,no,yes,no,25.00,reject_low_priority
T018,6,organizational resilience crisis management organizational resilience crisis management,Conceptualizing organizational resilience in tourism crisis management.,M. R. Scarpino; U. Gretzel,2015,Tourism crisis and disaster management in the Asia-Pacific,10.1079/9781780643250.0015,59.634285,book-chapter,CABI,3. 전략/국제경영,international-business,국제 S급; 국제 A1급,organizational resilience; crisis management; performance,needs_manual_review,no,,,,no,no,yes,no,24.94,reject_low_priority
T018,10,organizational resilience crisis management organizational resilience crisis management,Organizational Resilience: Preparing and Overcoming Crisis,Richard Laganier,2015,Resilience Imperative,10.1016/b978-1-78548-051-5.50008-5,55.37532,book-chapter,Elsevier,3. 전략/국제경영,international-business,국제 S급; 국제 A1급,organizational resilience; crisis management; performance,needs_manual_review,no,,,,no,no,yes,no,24.23,reject_low_priority
T019,7,customer journey omnichannel retailing customer journey omnichannel,The omnichannel continuum: Integrating online and offline channels along the customer journey,Scott A. Neslin,2022,Journal of Retailing,10.1016/j.jretai.2022.02.003,68.29592,journal-article,Elsevier BV,4. 마케팅,marketing,국제 S급; 국제 A1급,customer journey; omnichannel; retailing,needs_manual_review,yes,marketing,5. 마케팅,국제 A1급,yes,yes,yes,yes,110.00,promote_candidate
T019,1,customer journey omnichannel retailing customer journey omnichannel,Customer Experience Management in Omnichannel Retailing,K. Ilgın Çakiroğlu; Özgür Çengel,2020,Managing Customer Experiences in an Omnichannel World: Melody of Online and Offline Environments in the Customer Journey,10.1108/978-1-80043-388-520201009,78.50224,book-chapter,Emerald Publishing Limited,4. 마케팅,marketing,국제 S급; 국제 A1급,customer journey; omnichannel; retailing,needs_manual_review,no,,,,no,no,yes,yes,30.00,reject_low_priority
T019,2,customer journey omnichannel retailing customer journey omnichannel,Consumer Behavior in Omnichannel Retailing,Raife Meltem Yetkin Özbük; Duygu Aydin Ünal; Büşra Oktay,2020,Managing Customer Experiences in an Omnichannel World: Melody of Online and Offline Environments in the Customer Journey,10.1108/978-1-80043-388-520201008,73.36587,book-chapter,Emerald Publishing Limited,4. 마케팅,marketing,국제 S급; 국제 A1급,customer journey; omnichannel; retailing,needs_manual_review,no,,,,no,no,yes,yes,30.00,reject_low_priority
T019,3,customer journey omnichannel retailing customer journey omnichannel,"Study 3: Reciprocal Effects of Cognitive, Affective and Social Customer Experience on Customer Loyalty and Word-of-Mouth in Omnichannel Retailing",Nils Fränzel,2025,Handel und Internationales Marketing Retailing and International Marketing,10.1007/978-3-658-47568-0_4,72.57316,book-chapter,Springer Fachmedien Wiesbaden,4. 마케팅,marketing,국제 S급; 국제 A1급,customer journey; omnichannel; retailing,needs_manual_review,no,,,,no,no,yes,yes,30.00,reject_low_priority
T019,4,customer journey omnichannel retailing customer journey omnichannel,Omnichannel Customer Service,,2025,Omnichannel Retailing for the Fashion Business,10.5040/9781501377068.ch-8,69.39509,other,Bloomsbury Publishing Inc,4. 마케팅,marketing,국제 S급; 국제 A1급,customer journey; omnichannel; retailing,needs_manual_review,no,,,,no,no,yes,yes,30.00,reject_low_priority
T019,5,customer journey omnichannel retailing customer journey omnichannel,Customer Experience in the Context of Omnichannel Retailing,Nils Fränzel,2025,Handel und Internationales Marketing Retailing and International Marketing,10.1007/978-3-658-47568-0,69.115326,book,Springer Fachmedien Wiesbaden,4. 마케팅,marketing,국제 S급; 국제 A1급,customer journey; omnichannel; retailing,needs_manual_review,no,,,,no,no,yes,yes,30.00,reject_low_priority
T019,6,customer journey omnichannel retailing customer journey omnichannel,Introduction,Nils Fränzel,2025,Handel und Internationales Marketing Retailing and International Marketing,10.1007/978-3-658-47568-0_1,68.35835,book-chapter,Springer Fachmedien Wiesbaden,4. 마케팅,marketing,국제 S급; 국제 A1급,customer journey; omnichannel; retailing,needs_manual_review,no,,,,no,no,yes,yes,30.00,reject_low_priority
T019,8,customer journey omnichannel retailing customer journey omnichannel,Omnichannel Customer Experience,,2025,Omnichannel Retailing for the Fashion Business,10.5040/9781501377068.ch-3,68.21264,other,Bloomsbury Publishing Inc,4. 마케팅,marketing,국제 S급; 국제 A1급,customer journey; omnichannel; retailing,needs_manual_review,no,,,,no,no,yes,yes,30.00,reject_low_priority
T019,9,customer journey omnichannel retailing customer journey omnichannel,Omnichannel Marketing Applications in Game Industry,Mert Üstündağ,2020,Managing Customer Experiences in an Omnichannel World: Melody of Online and Offline Environments in the Customer Journey,10.1108/978-1-80043-388-520201022,67.64152,book-chapter,Emerald Publishing Limited,4. 마케팅,marketing,국제 S급; 국제 A1급,customer journey; omnichannel; retailing,needs_manual_review,no,,,,no,no,yes,yes,30.00,reject_low_priority
T019,10,customer journey omnichannel retailing customer journey omnichannel,The Melody of Omnichannel Customer Experience Management (OCCEM),Taşkın Dirsehan; Meltem Çelik Dirsehan,2020,Managing Customer Experiences in an Omnichannel World: Melody of Online and Offline Environments in the Customer Journey,10.1108/978-1-80043-388-520201002,67.52398,book-chapter,Emerald Publishing Limited,4. 마케팅,marketing,국제 S급; 국제 A1급,customer journey; omnichannel; retailing,needs_manual_review,no,,,,no,no,yes,yes,30.00,reject_low_priority
T020,3,business analytics competitive advantage business analytics competitive advantage,Maximising competitive advantage: the role of strategic business analytics framework in business strategies,Arvind Bhisikar,2024,Journal of Business Analytics,10.1080/2573234x.2024.2325703,71.227325,journal-article,Informa UK Limited,6. 경영정보,information-systems,국제 S급; 국제 A1급,business analytics; competitive advantage; firm performance,needs_manual_review,no,,,,no,yes,yes,yes,55.00,topic_only_review
T020,2,business analytics competitive advantage business analytics competitive advantage,"Business analytics capability, organisational value and competitive advantage",Michael O’Neill; Anthony Brabazon,2019,Journal of Business Analytics,10.1080/2573234x.2019.1649991,71.93108,journal-article,Informa UK Limited,6. 경영정보,information-systems,국제 S급; 국제 A1급,business analytics; competitive advantage; firm performance,needs_manual_review,no,,,,no,yes,yes,no,50.00,topic_only_review
T020,6,business analytics competitive advantage business analytics competitive advantage,Sustained business competitive advantage with data analytics,Adarsh Garg; D.P. Goyal,2019,International Journal of Business and Data Analytics,10.1504/ijbda.2019.098829,68.869286,journal-article,Inderscience Publishers,6. 경영정보,information-systems,국제 S급; 국제 A1급,business analytics; competitive advantage; firm performance,needs_manual_review,no,,,,no,yes,yes,no,50.00,topic_only_review
T020,4,business analytics competitive advantage business analytics competitive advantage,Leveraging Blockchain Cybersecurity for Strategic Business Advantage,Chindika Mulambia; Sudeep Varshney; Amrit Suman,2024,Advances in Business Information Systems and Analytics,10.4018/979-8-3693-2823-1.ch014,69.77942,book-chapter,IGI Global,6. 경영정보,information-systems,국제 S급; 국제 A1급,business analytics; competitive advantage; firm performance,needs_manual_review,no,,,,no,no,yes,yes,30.00,reject_low_priority
T020,5,business analytics competitive advantage business analytics competitive advantage,Using Strategy Analytics for Business Value Creation and Competitive Advantage,,2024,Advances in Business Information Systems and Analytics,10.4018/979-8-3693-2823-1,69.47688,edited-book,IGI Global,6. 경영정보,information-systems,국제 S급; 국제 A1급,business analytics; competitive advantage; firm performance,needs_manual_review,no,,,,no,no,yes,yes,30.00,reject_low_priority
T020,8,business analytics competitive advantage business analytics competitive advantage,From Data to Decisions,Satya Subrahmanyam,2025,Business Technology Strategies for Decision Making and Competitive Advantage,10.4018/979-8-3693-9506-6.ch007,68.04293,book-chapter,IGI Global Scientific Publishing,6. 경영정보,information-systems,국제 S급; 국제 A1급,business analytics; competitive advantage; firm performance,needs_manual_review,no,,,,no,no,yes,yes,30.00,reject_low_priority
T020,1,business analytics competitive advantage business analytics competitive advantage,The Competitive Advantage of Business Analytics,,2012,Delivering Business Analytics,10.1002/9781119203674.ch2,75.005005,other,Wiley,6. 경영정보,information-systems,국제 S급; 국제 A1급,business analytics; competitive advantage; firm performance,needs_manual_review,no,,,,no,no,yes,no,25.00,reject_low_priority
T020,7,business analytics competitive advantage business analytics competitive advantage,"Articulating Business value of HR
					Programs",,2017,Winning on HR Analytics: Leveraging Data for Competitive Advantage,10.4135/9789353280192.n2,68.590965,book-chapter,"SAGE Publications, Inc.",6. 경영정보,information-systems,국제 S급; 국제 A1급,business analytics; competitive advantage; firm performance,needs_manual_review,no,,,,no,no,yes,no,25.00,reject_low_priority
T020,9,business analytics competitive advantage business analytics competitive advantage,Opportunities and Challenges of Implementing Predictive Analytics for Competitive Advantage,Mohsen Attaran; Sharmin Attaran,2019,Advances in Business Strategy and Competitive Advantage,10.4018/978-1-5225-5718-0.ch004,67.64081,book-chapter,IGI Global,6. 경영정보,information-systems,국제 S급; 국제 A1급,business analytics; competitive advantage; firm performance,needs_manual_review,no,,,,no,no,yes,no,25.00,reject_low_priority
T020,10,business analytics competitive advantage business analytics competitive advantage,Competitive Advantage,,,Advances in Business Information Systems and Analytics,10.4018/978-1-4666-8708-0.ch008,67.46945,book-chapter,IGI Global,6. 경영정보,information-systems,국제 S급; 국제 A1급,business analytics; competitive advantage; firm performance,needs_manual_review,no,,,,no,no,yes,no,25.00,reject_low_priority
