task_id,keyword,job_id,result_rank,paper_id,title,authors,year,journal,journal_field,journal_rank,doi,final_score,abstract_score,include_status,verification_status,verification_reason,unpaywall_status,oa_pdf_url,oa_landing_page_url,cited_by_count,relevance_reason
T009,digital transformation dynamic capabilities,job-eaf0fc49-d4bd-4a50-bbfc-12e7e4ad88d7,1,job-eaf0fc49-d4bd-4a50-bbfc-12e7e4ad88d7-paper-1,Analyzing the mediating role of organizational ambidexterity and digital business transformation on industry 4.0 capabilities and sustainable supply chain performance,"Belhadi, Amine, Kamble, Sachin, Gunasekaran, Angappa, Mani, Venkatesh",2022,SUPPLY CHAIN MANAGEMENT-AN INTERNATIONAL JOURNAL,7. 생산운영,국제 A1급,10.1108/SCM-04-2021-0152,0.859,1,include,verified,title match; year mismatch; journal match,failed,,,196,title keyword overlap 0.75; abstract keyword overlap 1.00; subtopic fit 1.00; combined relevance 0.92; citations 196; year 2022
T009,digital transformation dynamic capabilities,job-eaf0fc49-d4bd-4a50-bbfc-12e7e4ad88d7,2,job-eaf0fc49-d4bd-4a50-bbfc-12e7e4ad88d7-paper-2,Digital transformation in large established organisations: Four restructuring dilemmas based on dynamic capabilities,"Kulichyova, Anastasia, Islam, Nazrul, Kazantsev, Nikolai, White, Leroy",2025,INTERNATIONAL JOURNAL OF MANAGEMENT REVIEWS,8. 무역/국제경영,국제 S급,10.1111/ijmr.12395,0.828,0,include,verified,title match; year match; journal match,failed,,,13,title keyword overlap 1.00; abstract keyword overlap 0.00; subtopic fit 1.00; combined relevance 1.00; citations 13; year 2025
T009,digital transformation dynamic capabilities,job-eaf0fc49-d4bd-4a50-bbfc-12e7e4ad88d7,3,job-eaf0fc49-d4bd-4a50-bbfc-12e7e4ad88d7-paper-3,Digital ecosystems and their impact on organizations-A dynamic capabilities approach,"Volz, Felix, Muench, Christopher, Kueffner, Christoph, Hartmann, Evi",2025,INTERNATIONAL JOURNAL OF MANAGEMENT REVIEWS,8. 무역/국제경영,국제 S급,10.1111/ijmr.12396,0.741,0,include,verified,title match; year match; journal match,failed,,,14,title keyword overlap 0.75; abstract keyword overlap 0.00; subtopic fit 1.00; combined relevance 0.75; citations 14; year 2025
T009,digital transformation dynamic capabilities,job-eaf0fc49-d4bd-4a50-bbfc-12e7e4ad88d7,4,job-eaf0fc49-d4bd-4a50-bbfc-12e7e4ad88d7-paper-4,International business in the digital age: Global strategies in a world of national institutions,"Meyer, Klaus E., Li, Jiatao, Brouthers, Keith D., Jean, Ruey-Jer 'Bryan'",2023,JOURNAL OF INTERNATIONAL BUSINESS STUDIES,8. 무역/국제경영,국제 S급,10.1057/s41267-023-00618-x,0.694,0.5,review,verified,title match; year match; journal match,failed,,,130,title keyword overlap 0.25; abstract keyword overlap 0.50; subtopic fit 1.00; combined relevance 0.42; citations 130; year 2023
T009,digital transformation dynamic capabilities,job-eaf0fc49-d4bd-4a50-bbfc-12e7e4ad88d7,5,job-eaf0fc49-d4bd-4a50-bbfc-12e7e4ad88d7-paper-5,Impact of digital technology usage on firm resilience: a dynamic capability perspective,"Ye, Fei, Ke, Min, Ouyang, You, Li, Yina, Li, Lixu",2024,SUPPLY CHAIN MANAGEMENT-AN INTERNATIONAL JOURNAL,7. 생산운영,국제 A1급,10.1108/SCM-12-2022-0480,0.675,0.5,review,verified,title match; year mismatch; journal match,failed,,,45,title keyword overlap 0.50; abstract keyword overlap 0.50; subtopic fit 1.00; combined relevance 0.50; citations 45; year 2024
T009,digital transformation dynamic capabilities,job-eaf0fc49-d4bd-4a50-bbfc-12e7e4ad88d7,6,job-eaf0fc49-d4bd-4a50-bbfc-12e7e4ad88d7-paper-6,"Disentangling the 'digital': A critical review of information technology capabilities, information technology-enabled capabilities and digital capabilities in business research","Grego, Marica, Bartosiak, Marcin, Palese, Biagio, Piccoli, Gabriele, Denicolai, Stefano",2025,INTERNATIONAL JOURNAL OF MANAGEMENT REVIEWS,8. 무역/국제경영,국제 S급,10.1111/ijmr.12389,0.663,0,review,verified,title match; year mismatch; journal match,failed,,,23,title keyword overlap 0.50; abstract keyword overlap 0.00; subtopic fit 1.00; combined relevance 0.50; citations 23; year 2025
T009,digital transformation dynamic capabilities,job-eaf0fc49-d4bd-4a50-bbfc-12e7e4ad88d7,7,job-eaf0fc49-d4bd-4a50-bbfc-12e7e4ad88d7-paper-7,Open strategy and digital transformation: A framework and future research agenda,"Ortner, Thomas, Hautz, Julia, Stadler, Christian, Matzler, Kurt",2025,INTERNATIONAL JOURNAL OF MANAGEMENT REVIEWS,8. 무역/국제경영,국제 S급,10.1111/ijmr.12379,0.654,0,review,verified,title match; year mismatch; journal match,failed,,,14,title keyword overlap 0.50; abstract keyword overlap 0.00; subtopic fit 1.00; combined relevance 0.50; citations 14; year 2025
T009,digital transformation dynamic capabilities,job-eaf0fc49-d4bd-4a50-bbfc-12e7e4ad88d7,8,job-eaf0fc49-d4bd-4a50-bbfc-12e7e4ad88d7-paper-8,The data sharing conundrum: revisiting established theory in the age of digital transformation,"Culot, Giovanna, Orzes, Guido, Sartor, Marco, Nassimbeni, Guido",2024,SUPPLY CHAIN MANAGEMENT-AN INTERNATIONAL JOURNAL,7. 생산운영,국제 A1급,10.1108/SCM-07-2023-0362,0.644,0.5,review,verified,title match; year match; journal match,failed,,,14,title keyword overlap 0.50; abstract keyword overlap 0.50; subtopic fit 1.00; combined relevance 0.50; citations 14; year 2024
T009,digital transformation dynamic capabilities,job-eaf0fc49-d4bd-4a50-bbfc-12e7e4ad88d7,9,job-eaf0fc49-d4bd-4a50-bbfc-12e7e4ad88d7-paper-9,Uncovering the impact of digital technologies on strategising: Evidence from a systematic literature review,"Zhou, Qijun, Yu, Honglan, Adams, Kweku, Attah-Boakye, Rexford, Johansson, Jeaneth",2025,INTERNATIONAL JOURNAL OF MANAGEMENT REVIEWS,8. 무역/국제경영,국제 S급,10.1111/ijmr.12387,0.562,0,review,verified,title match; year mismatch; journal match,failed,,,9,title keyword overlap 0.25; abstract keyword overlap 0.00; subtopic fit 1.00; combined relevance 0.25; citations 9; year 2025
T009,digital transformation dynamic capabilities,job-eaf0fc49-d4bd-4a50-bbfc-12e7e4ad88d7,10,job-eaf0fc49-d4bd-4a50-bbfc-12e7e4ad88d7-paper-10,Ambidexterity in strategic alliances: An integrative review of the literature,"Zahoor, Nadia, Khan, Zaheer, Marinova, Svetla, Cui, Lin",2024,INTERNATIONAL JOURNAL OF MANAGEMENT REVIEWS,8. 무역/국제경영,국제 S급,10.1111/ijmr.12348,0.484,0,review,verified,title match; year mismatch; journal match,failed,,,29,title keyword overlap 0.00; abstract keyword overlap 0.00; subtopic fit 1.00; combined relevance 0.00; citations 29; year 2024
T010,ESG disclosure firm value,job-a80bb4c2-ade8-43fd-b2f6-86f12a88c770,1,job-a80bb4c2-ade8-43fd-b2f6-86f12a88c770-paper-1,The Effects of Mandatory ESG Disclosure Around the World,"Krueger, Philipp, Sautner, Zacharias, Tang, Dragon Yongjun, Zhong, Rui",2024,JOURNAL OF ACCOUNTING RESEARCH,3. 회계학,국제 S급,10.1111/1475-679X.12548,0.73,0.25,include,verified,title match; year match; journal match,failed,,,348,title keyword overlap 0.50; abstract keyword overlap 0.25; subtopic fit 1.00; combined relevance 0.50; citations 348; year 2024
T010,ESG disclosure firm value,job-a80bb4c2-ade8-43fd-b2f6-86f12a88c770,2,job-a80bb4c2-ade8-43fd-b2f6-86f12a88c770-paper-2,Greenhouse Gas Disclosure and Emissions Benchmarking,"Tomar, Sorabh",2023,JOURNAL OF ACCOUNTING RESEARCH,3. 회계학,국제 S급,10.1111/1475-679X.12473,0.684,0.5,review,verified,title match; year match; journal match,failed,,,90,title keyword overlap 0.25; abstract keyword overlap 0.50; subtopic fit 1.00; combined relevance 0.42; citations 90; year 2023
T010,ESG disclosure firm value,job-a80bb4c2-ade8-43fd-b2f6-86f12a88c770,3,job-a80bb4c2-ade8-43fd-b2f6-86f12a88c770-paper-3,Transmission Effects of ESG Disclosure Regulations Through Bank Lending Networks,"Wang, Lynn linghuan",2023,JOURNAL OF ACCOUNTING RESEARCH,3. 회계학,국제 S급,10.1111/1475-679X.12478,0.68,0.5,review,verified,title match; year match; journal match,failed,,,60,title keyword overlap 0.50; abstract keyword overlap 0.50; subtopic fit 1.00; combined relevance 0.50; citations 60; year 2023
T010,ESG disclosure firm value,job-a80bb4c2-ade8-43fd-b2f6-86f12a88c770,4,job-a80bb4c2-ade8-43fd-b2f6-86f12a88c770-paper-4,Diversity Washing,"Baker, Andrew C., Larcker, David F., McClure, Charles G., Saraph, Durgesh, Watts, Edward M.",2024,JOURNAL OF ACCOUNTING RESEARCH,3. 회계학,국제 S급,10.1111/1475-679X.12542,0.65,0.5,review,verified,title match; year match; journal match,failed,,,72,title keyword overlap 0.00; abstract keyword overlap 0.50; subtopic fit 1.00; combined relevance 0.35; citations 72; year 2024
T010,ESG disclosure firm value,job-a80bb4c2-ade8-43fd-b2f6-86f12a88c770,5,job-a80bb4c2-ade8-43fd-b2f6-86f12a88c770-paper-5,The Financially Material Effects of Mandatory Nonfinancial Disclosure,"Gibbons, Brian",2024,JOURNAL OF ACCOUNTING RESEARCH,3. 회계학,국제 S급,10.1111/1475-679X.12499,0.646,0.5,review,verified,title match; year mismatch; journal match,failed,,,42,title keyword overlap 0.25; abstract keyword overlap 0.50; subtopic fit 1.00; combined relevance 0.42; citations 42; year 2024
T010,ESG disclosure firm value,job-a80bb4c2-ade8-43fd-b2f6-86f12a88c770,6,job-a80bb4c2-ade8-43fd-b2f6-86f12a88c770-paper-6,Global Evolution of Environmental and Social Disclosure in Annual Reports,"Lin, Yan, Shen, Rui, Wang, Jasmine, Yu, Y. Julia",2024,JOURNAL OF ACCOUNTING RESEARCH,3. 회계학,국제 S급,10.1111/1475-679X.12575,0.636,0.5,review,verified,title match; year match; journal match,failed,,,32,title keyword overlap 0.25; abstract keyword overlap 0.50; subtopic fit 1.00; combined relevance 0.42; citations 32; year 2024
T010,ESG disclosure firm value,job-a80bb4c2-ade8-43fd-b2f6-86f12a88c770,7,job-a80bb4c2-ade8-43fd-b2f6-86f12a88c770-paper-7,FinBERT: A Large Language Model for Extracting Information from Financial Text,"Huang, Allen H., Wang, Hui, Yang, Yi",2023,CONTEMPORARY ACCOUNTING RESEARCH,3. 회계학,국제 S급,10.1111/1911-3846.12832,0.606,0.25,review,verified,title match; year match; journal match,failed,,,366,title keyword overlap 0.00; abstract keyword overlap 0.25; subtopic fit 1.00; combined relevance 0.17; citations 366; year 2023
T010,ESG disclosure firm value,job-a80bb4c2-ade8-43fd-b2f6-86f12a88c770,8,job-a80bb4c2-ade8-43fd-b2f6-86f12a88c770-paper-8,The Value of Mandatory Certification: A Real Effects Perspective,"Jiang, Xu, Xin, Baohua, Xiong, Yan",2023,JOURNAL OF ACCOUNTING RESEARCH,3. 회계학,국제 S급,10.1111/1475-679X.12460,0.601,0.5,review,verified,title match; year mismatch; journal match,failed,,,7,title keyword overlap 0.25; abstract keyword overlap 0.50; subtopic fit 1.00; combined relevance 0.42; citations 7; year 2023
T010,ESG disclosure firm value,job-a80bb4c2-ade8-43fd-b2f6-86f12a88c770,9,job-a80bb4c2-ade8-43fd-b2f6-86f12a88c770-paper-9,The Real Effects of Supply Chain Transparency Regulation: Evidence from Section 1502 of the Dodd-Frank Act,"Baik, Bok, Even-Tov, Omri, Han, Russell, Park, David",2024,JOURNAL OF ACCOUNTING RESEARCH,3. 회계학,국제 S급,10.1111/1475-679X.12530,0.593,0.5,review,verified,title match; year match; journal match,failed,,,15,title keyword overlap 0.00; abstract keyword overlap 0.50; subtopic fit 1.00; combined relevance 0.35; citations 15; year 2024
T010,ESG disclosure firm value,job-a80bb4c2-ade8-43fd-b2f6-86f12a88c770,10,job-a80bb4c2-ade8-43fd-b2f6-86f12a88c770-paper-10,ESG Disclosures in the Private Equity Industry,"Abraham, Jefferson, Olbert, Marcel, Vasvari, Florin",2024,JOURNAL OF ACCOUNTING RESEARCH,3. 회계학,국제 S급,10.1111/1475-679X.12570,0.562,0.25,review,verified,title match; year match; journal match,failed,,,19,title keyword overlap 0.25; abstract keyword overlap 0.25; subtopic fit 1.00; combined relevance 0.25; citations 19; year 2024
T011,greenwashing consumer skepticism,job-0aa57374-bb19-443f-8663-58a109423237,1,job-0aa57374-bb19-443f-8663-58a109423237-paper-1,A method for measuring consumer confusion due to lookalike labels,"Schoemann, Martin, van de Mosselaar, Piet, Perkovic, Sonja, Orquin, Jacob L.",2025,INTERNATIONAL JOURNAL OF RESEARCH IN MARKETING,5. 마케팅,국제 A1급,10.1016/j.ijresmar.2024.08.010,0.665,0.667,review,verified,title match; year match; journal match,failed,,,2,title keyword overlap 0.33; abstract keyword overlap 0.67; subtopic fit 1.00; combined relevance 0.57; citations 2; year 2025
T011,greenwashing consumer skepticism,job-0aa57374-bb19-443f-8663-58a109423237,2,job-0aa57374-bb19-443f-8663-58a109423237-paper-2,From greenwashing to green B2B marketing: A systematic literature review,"Vangeli, Anastas, Lecka, Agnieszka Ma, Ega, Maciej Mitr, Pfajfar, Gregor",2023,INDUSTRIAL MARKETING MANAGEMENT,5. 마케팅,국제 A1급,10.1016/j.indmarman.2023.10.002,0.606,0.333,review,verified,title match; year match; journal match,failed,,,44,title keyword overlap 0.33; abstract keyword overlap 0.33; subtopic fit 1.00; combined relevance 0.33; citations 44; year 2023
T011,greenwashing consumer skepticism,job-0aa57374-bb19-443f-8663-58a109423237,3,job-0aa57374-bb19-443f-8663-58a109423237-paper-3,Unraveling the nexus of corporate political engagement and greenwashing in global markets,"Amankwah-Amoah, Joseph, Tantawy, Ahmed Adel, Kusi, Samuel Yaw",2026,INTERNATIONAL MARKETING REVIEW,5. 마케팅,국제 A1급,10.1108/IMR-09-2024-0314,0.592,0.333,review,verified,title match; year match; journal match,failed,,,0,title keyword overlap 0.33; abstract keyword overlap 0.33; subtopic fit 1.00; combined relevance 0.33; citations 0; year 2026
T011,greenwashing consumer skepticism,job-0aa57374-bb19-443f-8663-58a109423237,4,job-0aa57374-bb19-443f-8663-58a109423237-paper-4,"Is It Greenwashing? Environmental Compensation Claims in Advertising, Perceived Greenwashing, Political Consumerism, and Brand Outcomes","Neureiter, Ariadne, Stubenvoll, Marlis, Matthes, Joerg",2024,JOURNAL OF ADVERTISING,5. 마케팅,국제 A1급,10.1080/00913367.2023.2268718,0.591,0,review,verified,title match; year mismatch; journal match,failed,,,19,title keyword overlap 0.33; abstract keyword overlap 0.00; subtopic fit 1.00; combined relevance 0.33; citations 19; year 2024
T011,greenwashing consumer skepticism,job-0aa57374-bb19-443f-8663-58a109423237,5,job-0aa57374-bb19-443f-8663-58a109423237-paper-5,"Flipping the Script: Harnessing Consumer Knowledge, Message Order and Refutation for Effective Two-Sided Green Advertising","Bharti, Megha, Bharti, Mehak",2025,PSYCHOLOGY & MARKETING,5. 마케팅,국제 A1급,10.1002/mar.22184,0.583,0.333,review,verified,title match; year match; journal match,failed,,,1,title keyword overlap 0.33; abstract keyword overlap 0.33; subtopic fit 1.00; combined relevance 0.33; citations 1; year 2025
T011,greenwashing consumer skepticism,job-0aa57374-bb19-443f-8663-58a109423237,6,job-0aa57374-bb19-443f-8663-58a109423237-paper-6,Putting an artificial intelligence-generated label on it comes naturally,"Sigurdsson, Valdimar, Larsen, Nils Magne, Folwarczny, Michal, Dubois, Magalie, Fagerstrom, Asle",2025,PSYCHOLOGY & MARKETING,5. 마케팅,국제 A1급,10.1002/mar.22137,0.471,0,review,verified,title match; year mismatch; journal match,failed,,,6,title keyword overlap 0.00; abstract keyword overlap 0.00; subtopic fit 1.00; combined relevance 0.00; citations 6; year 2025
T011,greenwashing consumer skepticism,job-0aa57374-bb19-443f-8663-58a109423237,7,job-0aa57374-bb19-443f-8663-58a109423237-paper-7,Valuation entrepreneurship through product-design and blame-avoidance strategies: How Tesla managed to change the public perception of sustainable innovations,"Palmie, Maximilian, Miehe, Lucas, Mair, Johanna, Wincent, Joakim",2024,JOURNAL OF PRODUCT INNOVATION MANAGEMENT,5. 마케팅,국제 A1급,10.1111/jpim.12732,0.469,0,review,verified,title match; year match; journal match,failed,,,14,title keyword overlap 0.00; abstract keyword overlap 0.00; subtopic fit 1.00; combined relevance 0.00; citations 14; year 2024
T012,social media influencer authenticity purchase intention,job-e4590058-e71d-4f69-8007-dd33941d36d4,1,job-e4590058-e71d-4f69-8007-dd33941d36d4-paper-1,Finding Goldilocks Influencers: How Follower Count Drives Social Media Engagement,"Wies, Simone, Bleier, Alexander, Edeling, Alexander",2023,JOURNAL OF MARKETING,5. 마케팅,국제 S급,10.1177/00222429221125131,0.703,0.5,review,verified,title match; year mismatch; journal match,failed,,,209,title keyword overlap 0.33; abstract keyword overlap 0.50; subtopic fit 1.00; combined relevance 0.45; citations 209; year 2023
T012,social media influencer authenticity purchase intention,job-e4590058-e71d-4f69-8007-dd33941d36d4,2,job-e4590058-e71d-4f69-8007-dd33941d36d4-paper-2,Influencer Marketing Effectiveness,"Leung, Fine F., Gu, Flora F., Li, Yiwei, Zhang, Jonathan Z., Palmatier, Robert W.",2022,JOURNAL OF MARKETING,5. 마케팅,국제 S급,10.1177/00222429221102889,0.675,0.5,review,verified,title match; year match; journal match,failed,,,273,title keyword overlap 0.17; abstract keyword overlap 0.50; subtopic fit 1.00; combined relevance 0.40; citations 273; year 2022
T012,social media influencer authenticity purchase intention,job-e4590058-e71d-4f69-8007-dd33941d36d4,3,job-e4590058-e71d-4f69-8007-dd33941d36d4-paper-3,The Positive Effect of Not Following Others on Social Media,"Valsesia, Francesca, Proserpio, Davide, Nunes, Joseph C.",2020,JOURNAL OF MARKETING RESEARCH,5. 마케팅,국제 S급,10.1177/0022243720915467,0.673,0.5,review,verified,title match; year match; journal match,failed,,,143,title keyword overlap 0.33; abstract keyword overlap 0.50; subtopic fit 1.00; combined relevance 0.45; citations 143; year 2020
T012,social media influencer authenticity purchase intention,job-e4590058-e71d-4f69-8007-dd33941d36d4,4,job-e4590058-e71d-4f69-8007-dd33941d36d4-paper-4,Is a Picture Worth a Thousand Words? An Empirical Study of Image Content and Social Media Engagement,"Li, Yiyi, Xie, Ying",2020,JOURNAL OF MARKETING RESEARCH,5. 마케팅,국제 S급,10.1177/0022243719881113,0.632,0.333,review,verified,title match; year mismatch; journal match,failed,,,608,title keyword overlap 0.33; abstract keyword overlap 0.33; subtopic fit 1.00; combined relevance 0.33; citations 608; year 2020
T012,social media influencer authenticity purchase intention,job-e4590058-e71d-4f69-8007-dd33941d36d4,5,job-e4590058-e71d-4f69-8007-dd33941d36d4-paper-5,Visual Listening In: Extracting Brand Image Portrayed on Social Media,"Liu, Liu, Dzyabura, Daria, Mizik, Natalie",2020,MARKETING SCIENCE,5. 마케팅,국제 S급,10.1287/mksc.2020.1226,0.632,0.333,review,verified,title match; year match; journal match,failed,,,136,title keyword overlap 0.33; abstract keyword overlap 0.33; subtopic fit 1.00; combined relevance 0.33; citations 136; year 2020
T012,social media influencer authenticity purchase intention,job-e4590058-e71d-4f69-8007-dd33941d36d4,6,job-e4590058-e71d-4f69-8007-dd33941d36d4-paper-6,Happiness Begets Money: Emotion and Engagement in Live Streaming,"Lin, Yan, Yao, Dai, Chen, Xingyu",2021,JOURNAL OF MARKETING RESEARCH,5. 마케팅,국제 S급,10.1177/00222437211002477,0.607,0.333,review,verified,title match; year match; journal match,failed,,,309,title keyword overlap 0.00; abstract keyword overlap 0.33; subtopic fit 1.00; combined relevance 0.23; citations 309; year 2021
T012,social media influencer authenticity purchase intention,job-e4590058-e71d-4f69-8007-dd33941d36d4,7,job-e4590058-e71d-4f69-8007-dd33941d36d4-paper-7,Do Larger Audiences Generate Greater Revenues Under Pay What You Want? Evidence from a Live Streaming Platform,"Lu, Shijie, Yao, Dai, Chen, Xingyu, Grewal, Rajdeep",2021,MARKETING SCIENCE,5. 마케팅,국제 S급,10.1287/mksc.2021.1292,0.607,0.333,review,verified,title match; year match; journal match,failed,,,141,title keyword overlap 0.00; abstract keyword overlap 0.33; subtopic fit 1.00; combined relevance 0.23; citations 141; year 2021
T012,social media influencer authenticity purchase intention,job-e4590058-e71d-4f69-8007-dd33941d36d4,8,job-e4590058-e71d-4f69-8007-dd33941d36d4-paper-8,The Power of Brand Selfies,"Hartmann, Jochen, Heitmann, Mark, Schamp, Christina, Netzer, Oded",2021,JOURNAL OF MARKETING RESEARCH,5. 마케팅,국제 S급,10.1177/00222437211037258,0.607,0.333,review,verified,title match; year match; journal match,failed,,,119,title keyword overlap 0.00; abstract keyword overlap 0.33; subtopic fit 1.00; combined relevance 0.23; citations 119; year 2021
T012,social media influencer authenticity purchase intention,job-e4590058-e71d-4f69-8007-dd33941d36d4,9,job-e4590058-e71d-4f69-8007-dd33941d36d4-paper-9,Learning from Data: An Empirics-First Approach to Relevant Knowledge Generation,"Golder, Peter N. N., Dekimpe, Marnik D. G., An, Jake T. T., van Heerde, Harald J. J., Kim, Darren S. U.",2023,JOURNAL OF MARKETING,5. 마케팅,국제 S급,10.1177/00222429221129200,0.545,0,review,verified,title match; year mismatch; journal match,failed,,,154,title keyword overlap 0.00; abstract keyword overlap 0.00; subtopic fit 1.00; combined relevance 0.00; citations 154; year 2023
T012,social media influencer authenticity purchase intention,job-e4590058-e71d-4f69-8007-dd33941d36d4,10,job-e4590058-e71d-4f69-8007-dd33941d36d4-paper-10,Uniting the Tribes: Using Text for Marketing Insight,"Berger, Jonah, Humphreys, Ashlee, Ludwig, Stephan, Moe, Wendy W., Netzer, Oded",2020,JOURNAL OF MARKETING,5. 마케팅,국제 S급,10.1177/0022242919873106,0.515,0,review,verified,title match; year mismatch; journal match,failed,,,523,title keyword overlap 0.00; abstract keyword overlap 0.00; subtopic fit 1.00; combined relevance 0.00; citations 523; year 2020
T013,privacy personalization tradeoff marketing,job-ecfbf30b-08b4-4e88-a6c0-bd1dc181e3ef,1,job-ecfbf30b-08b4-4e88-a6c0-bd1dc181e3ef-paper-1,Personalization in personalized marketing: Trends and ways forward,"Chandra, Shobhana, Verma, Sanjeev, Lim, Weng Marc, Kumar, Satish, Donthu, Naveen",2022,PSYCHOLOGY & MARKETING,5. 마케팅,국제 A1급,10.1002/mar.21670,0.771,0.75,include,verified,title match; year match; journal match,failed,,,277,title keyword overlap 0.50; abstract keyword overlap 0.75; subtopic fit 1.00; combined relevance 0.67; citations 277; year 2022
T013,privacy personalization tradeoff marketing,job-ecfbf30b-08b4-4e88-a6c0-bd1dc181e3ef,2,job-ecfbf30b-08b4-4e88-a6c0-bd1dc181e3ef-paper-2,Learning from the Dark Web: leveraging conversational agents in the era of hyper-privacy to enhance marketing,"Thomaz, Felipe, Salge, Carolina, Karahanna, Elena, Hulland, John",2020,JOURNAL OF THE ACADEMY OF MARKETING SCIENCE,5. 마케팅,국제 A1급,10.1007/s11747-019-00704-3,0.751,0.75,include,verified,title match; year mismatch; journal match,failed,,,149,title keyword overlap 0.50; abstract keyword overlap 0.75; subtopic fit 1.00; combined relevance 0.67; citations 149; year 2020
T013,privacy personalization tradeoff marketing,job-ecfbf30b-08b4-4e88-a6c0-bd1dc181e3ef,3,job-ecfbf30b-08b4-4e88-a6c0-bd1dc181e3ef-paper-3,Consumer privacy and the future of data-based innovation and marketing,"Bleier, Alexander, Goldfarb, Avi, Tucker, Catherine",2020,INTERNATIONAL JOURNAL OF RESEARCH IN MARKETING,5. 마케팅,국제 A1급,10.1016/j.ijresmar.2020.03.006,0.69,0,review,verified,title match; year match; journal match,failed,,,132,title keyword overlap 0.50; abstract keyword overlap 0.00; subtopic fit 1.00; combined relevance 0.50; citations 132; year 2020
T013,privacy personalization tradeoff marketing,job-ecfbf30b-08b4-4e88-a6c0-bd1dc181e3ef,4,job-ecfbf30b-08b4-4e88-a6c0-bd1dc181e3ef-paper-4,The Influence of Consumer-Brand Relationship on the Personalized Advertising Privacy Calculus in Social Media,"Hayes, Jameson L., Brinson, Nancy H., Bott, Gregory J., Moeller, Claire M.",2021,JOURNAL OF INTERACTIVE MARKETING,5. 마케팅,국제 A1급,10.1016/j.intmar.2021.01.001,0.674,0.5,review,verified,title match; year match; journal match,failed,,,117,title keyword overlap 0.25; abstract keyword overlap 0.50; subtopic fit 1.00; combined relevance 0.42; citations 117; year 2021
T013,privacy personalization tradeoff marketing,job-ecfbf30b-08b4-4e88-a6c0-bd1dc181e3ef,5,job-ecfbf30b-08b4-4e88-a6c0-bd1dc181e3ef-paper-5,How consumer digital signals are reshaping the customer journey,"Schweidel, David A., Bart, Yakov, Inman, J. Jeffrey, Stephen, Andrew T., Libai, Barak",2022,JOURNAL OF THE ACADEMY OF MARKETING SCIENCE,5. 마케팅,국제 A1급,10.1007/s11747-022-00839-w,0.625,0.5,review,verified,title match; year match; journal match,failed,,,67,title keyword overlap 0.00; abstract keyword overlap 0.50; subtopic fit 1.00; combined relevance 0.35; citations 67; year 2022
T013,privacy personalization tradeoff marketing,job-ecfbf30b-08b4-4e88-a6c0-bd1dc181e3ef,6,job-ecfbf30b-08b4-4e88-a6c0-bd1dc181e3ef-paper-6,Data Privacy in Retail,"Martin, Kelly D., Kim, Jisu J., Palmatier, Robert W., Steinhoff, Lena, Stewart, David W.",2020,JOURNAL OF RETAILING,5. 마케팅,국제 A1급,10.1016/j.jretai.2020.08.003,0.621,0.5,review,verified,title match; year match; journal match,failed,,,57,title keyword overlap 0.25; abstract keyword overlap 0.50; subtopic fit 1.00; combined relevance 0.42; citations 57; year 2020
T013,privacy personalization tradeoff marketing,job-ecfbf30b-08b4-4e88-a6c0-bd1dc181e3ef,7,job-ecfbf30b-08b4-4e88-a6c0-bd1dc181e3ef-paper-7,Chatbot Advertising As a Double-Edged Sword: The Roles of Regulatory Focus and Privacy Concerns,"Kim, WooJin, Ryoo, Yuhosua, Lee, SoYoung, Lee, Jung Ah",2023,JOURNAL OF ADVERTISING,5. 마케팅,국제 A1급,10.1080/00913367.2022.2043795,0.59,0,review,verified,title match; year mismatch; journal match,failed,,,57,title keyword overlap 0.25; abstract keyword overlap 0.00; subtopic fit 1.00; combined relevance 0.25; citations 57; year 2023
T013,privacy personalization tradeoff marketing,job-ecfbf30b-08b4-4e88-a6c0-bd1dc181e3ef,8,job-ecfbf30b-08b4-4e88-a6c0-bd1dc181e3ef-paper-8,Genetic Data: Potential Uses and Misuses in Marketing,"Daviet, Remi, Nave, Gideon, Wind, Jerry",2022,JOURNAL OF MARKETING,5. 마케팅,국제 S급,10.1177/0022242920980767,0.556,0,review,verified,title match; year mismatch; journal match,failed,,,33,title keyword overlap 0.25; abstract keyword overlap 0.00; subtopic fit 1.00; combined relevance 0.25; citations 33; year 2022
T013,privacy personalization tradeoff marketing,job-ecfbf30b-08b4-4e88-a6c0-bd1dc181e3ef,9,job-ecfbf30b-08b4-4e88-a6c0-bd1dc181e3ef-paper-9,"An Empirical Analysis of Location-Based Mobile Advertising-Determinants, Success Factors, and Moderating Effects","Kurtz, Oliver T., Wirtz, Bernd W., Langer, Paul F.",2021,JOURNAL OF INTERACTIVE MARKETING,5. 마케팅,국제 A1급,10.1016/j.intmar.2020.08.001,0.545,0.25,review,verified,title match; year match; journal match,failed,,,59,title keyword overlap 0.00; abstract keyword overlap 0.25; subtopic fit 1.00; combined relevance 0.17; citations 59; year 2021
T013,privacy personalization tradeoff marketing,job-ecfbf30b-08b4-4e88-a6c0-bd1dc181e3ef,10,job-ecfbf30b-08b4-4e88-a6c0-bd1dc181e3ef-paper-10,"How and When Personalized Advertising Leads to Brand Attitude, Click, and WOM Intention","De Keyzer, Freya, Dens, Nathalie, De Pelsmacker, Patrick",2022,JOURNAL OF ADVERTISING,5. 마케팅,국제 A1급,10.1080/00913367.2021.1888339,0.535,0,review,verified,title match; year mismatch; journal match,failed,,,113,title keyword overlap 0.00; abstract keyword overlap 0.00; subtopic fit 1.00; combined relevance 0.00; citations 113; year 2022
T014,FinTech adoption trust risk,job-46eed9d4-1914-4cb0-b026-407f0223c80a,1,job-46eed9d4-1914-4cb0-b026-407f0223c80a-paper-1,"Leveraging Digital Payment Adoption Experience to Advance the Development of Digital-Only (Neo) Banks: Role of Trust, Risk, Security, and Green Concern","Taneja, Shilpa, Ali, Liaqat, Siraj, Ahsan, Ferasso, Marcos, Luthra, Sunil",2024,IEEE TRANSACTIONS ON ENGINEERING MANAGEMENT,6. 경영정보,국제 A1급,10.1109/TEM.2024.3395130,0.726,0.5,include,verified,title match; year match; journal match,failed,,,8,title keyword overlap 0.75; abstract keyword overlap 0.50; subtopic fit 1.00; combined relevance 0.75; citations 8; year 2024
T014,FinTech adoption trust risk,job-46eed9d4-1914-4cb0-b026-407f0223c80a,2,job-46eed9d4-1914-4cb0-b026-407f0223c80a-paper-2,Fintech Adoption and Environmental Performance in Banks: Exploring Employee Efficiency and Green Initiatives,"Bhuiyan, Miraj Ahmed, Rahman, Muhammad Khalilur, Patwary, Ataul Karim, Akter, Rabeya, Zhang, Qiannan",2024,IEEE TRANSACTIONS ON ENGINEERING MANAGEMENT,6. 경영정보,국제 A1급,10.1109/TEM.2024.3415774,0.652,0.5,review,verified,title match; year match; journal match,failed,,,22,title keyword overlap 0.50; abstract keyword overlap 0.50; subtopic fit 1.00; combined relevance 0.50; citations 22; year 2024
T014,FinTech adoption trust risk,job-46eed9d4-1914-4cb0-b026-407f0223c80a,3,job-46eed9d4-1914-4cb0-b026-407f0223c80a-paper-3,Exploring users' adoption intentions of intelligent virtual assistants in financial services: An anthropomorphic perspectives and socio-psychological perspectives,"Priya, Bhanu, Sharma, Vivek",2023,COMPUTERS IN HUMAN BEHAVIOR,6. 경영정보,국제 A1급,10.1016/j.chb.2023.107912,0.629,0,review,verified,title match; year match; journal match,failed,,,96,title keyword overlap 0.25; abstract keyword overlap 0.00; subtopic fit 1.00; combined relevance 0.25; citations 96; year 2023
T014,FinTech adoption trust risk,job-46eed9d4-1914-4cb0-b026-407f0223c80a,4,job-46eed9d4-1914-4cb0-b026-407f0223c80a-paper-4,Is FinTech Implementation a Strategic Step for Sustainability in Today's Changing Landscape? An Empirical Investigation,"Taneja, Shilpa, Siraj, Ahsan, Ali, Liaqat, Kumar, Anil, Luthra, Sunil",2024,IEEE TRANSACTIONS ON ENGINEERING MANAGEMENT,6. 경영정보,국제 A1급,10.1109/TEM.2023.3262742,0.573,0.25,review,verified,title match; year match; journal match,failed,,,30,title keyword overlap 0.25; abstract keyword overlap 0.25; subtopic fit 1.00; combined relevance 0.25; citations 30; year 2024
T014,FinTech adoption trust risk,job-46eed9d4-1914-4cb0-b026-407f0223c80a,5,job-46eed9d4-1914-4cb0-b026-407f0223c80a-paper-5,STABILITY OF TRANSACTION FEES IN BITCOIN: A SUPPLY AND DEMAND PERSPECTIVE,"Ilk, Noyan, Shang, Guangzhi, Fan, Shaokun, Zhao, J. Leon",2021,MIS QUARTERLY,6. 경영정보,국제 S급,10.25300/MISQ/2021/15718,0.54,0.25,review,verified,title match; year match; journal match,failed,,,54,title keyword overlap 0.00; abstract keyword overlap 0.25; subtopic fit 1.00; combined relevance 0.17; citations 54; year 2021
T014,FinTech adoption trust risk,job-46eed9d4-1914-4cb0-b026-407f0223c80a,6,job-46eed9d4-1914-4cb0-b026-407f0223c80a-paper-6,Mispricing and Algorithm Trading,"Zhang, Lihong, Zhang, Xiaoquan (Michael)",2025,INFORMATION SYSTEMS RESEARCH,6. 경영정보,국제 S급,10.1287/isre.2021.0570,0.529,0.25,review,verified,title match; year match; journal match,failed,,,3,title keyword overlap 0.00; abstract keyword overlap 0.25; subtopic fit 1.00; combined relevance 0.17; citations 3; year 2025
T014,FinTech adoption trust risk,job-46eed9d4-1914-4cb0-b026-407f0223c80a,7,job-46eed9d4-1914-4cb0-b026-407f0223c80a-paper-7,"Mobile Apps, Trading Behaviors, and Portfolio Performance: Evidence from a Quasi-Experiment in China","Liu, Che-Wei, Mithas, Sunil, Pan, Yang, Hsieh, J. J. Po-An",2025,INFORMATION SYSTEMS RESEARCH,6. 경영정보,국제 S급,10.1287/isre.2020.0616,0.528,0.25,review,verified,title match; year match; journal match,failed,,,2,title keyword overlap 0.00; abstract keyword overlap 0.25; subtopic fit 1.00; combined relevance 0.17; citations 2; year 2025
T014,FinTech adoption trust risk,job-46eed9d4-1914-4cb0-b026-407f0223c80a,8,job-46eed9d4-1914-4cb0-b026-407f0223c80a-paper-8,Conversation Analytics: Can Machines Read Between the Lines in Real-Time Strategic Conversations?,"Chen, Yanzhen, Rui, Huaxia, Whinston, Andrew B.",2024,INFORMATION SYSTEMS RESEARCH,6. 경영정보,국제 S급,10.1287/isre.2022.0415,0.518,0.25,review,verified,title match; year mismatch; journal match,failed,,,2,title keyword overlap 0.00; abstract keyword overlap 0.25; subtopic fit 1.00; combined relevance 0.17; citations 2; year 2024
T014,FinTech adoption trust risk,job-46eed9d4-1914-4cb0-b026-407f0223c80a,9,job-46eed9d4-1914-4cb0-b026-407f0223c80a-paper-9,CATCHING THE FAST PAYMENTS TREND: OPTIMAL DESIGNS AND LEADERSHIP STRATEGIES OF RETAIL PAYMENT AND SETTLEMENT SYSTEMS,"Guo, Zhiling, Ma, Dan",2023,MIS QUARTERLY,6. 경영정보,국제 S급,10.25300/MISQ/2022/16776,0.507,0.25,review,verified,title match; year match; journal match,failed,,,1,title keyword overlap 0.00; abstract keyword overlap 0.25; subtopic fit 1.00; combined relevance 0.17; citations 1; year 2023
T014,FinTech adoption trust risk,job-46eed9d4-1914-4cb0-b026-407f0223c80a,10,job-46eed9d4-1914-4cb0-b026-407f0223c80a-paper-10,"Working Daily, Paid Monthly? Effects of On-Demand Wage Access on the Financial Engagement of Low-Wage Workers","Kim, Jihye, Yoon, Seokchae, Chung, Sunghun, Oh, Wonseok",2025,INFORMATION SYSTEMS RESEARCH,6. 경영정보,국제 S급,10.1287/isre.2023.0673,0.465,0,review,verified,title match; year match; journal match,failed,,,0,title keyword overlap 0.00; abstract keyword overlap 0.00; subtopic fit 1.00; combined relevance 0.00; citations 0; year 2025
T015,blockchain supply chain transparency,job-7a6bac09-5400-4b1d-97c9-c758de759a31,1,job-7a6bac09-5400-4b1d-97c9-c758de759a31-paper-1,Supply Chain Transparency and Blockchain Design,"Cui, Yao, Gaur, Vishal, Liu, Jingchen",2024,MANAGEMENT SCIENCE,1. 공통,국제 S급,10.1287/mnsc.2023.4851,0.905,0.75,include,verified,title match; year match; journal match,failed,,,115,title keyword overlap 1.00; abstract keyword overlap 0.75; subtopic fit 1.00; combined relevance 1.00; citations 115; year 2024
T015,blockchain supply chain transparency,job-7a6bac09-5400-4b1d-97c9-c758de759a31,2,job-7a6bac09-5400-4b1d-97c9-c758de759a31-paper-2,On the Financing Benefits of Supply Chain Transparency and Blockchain Adoption,"Chod, Jiri, Trichakis, Nikolaos, Tsoukalas, Gerry, Aspegren, Henry, Weber, Mark",2020,MANAGEMENT SCIENCE,1. 공통,국제 S급,10.1287/mnsc.2019.3434,0.865,1,include,verified,title match; year match; journal match,failed,,,486,title keyword overlap 1.00; abstract keyword overlap 1.00; subtopic fit 1.00; combined relevance 1.00; citations 486; year 2020
T015,blockchain supply chain transparency,job-7a6bac09-5400-4b1d-97c9-c758de759a31,3,job-7a6bac09-5400-4b1d-97c9-c758de759a31-paper-3,The Blockchain Newsvendor: Value of Freshness Transparency and Smart Contracts,"Keskin, N. Bora, Li, Chenghuai, Song, Jing-Sheng",2025,MANAGEMENT SCIENCE,1. 공통,국제 S급,10.1287/mnsc.2021.02949,0.804,1,include,verified,title match; year match; journal match,failed,,,41,title keyword overlap 0.50; abstract keyword overlap 1.00; subtopic fit 1.00; combined relevance 0.85; citations 41; year 2025
T015,blockchain supply chain transparency,job-7a6bac09-5400-4b1d-97c9-c758de759a31,4,job-7a6bac09-5400-4b1d-97c9-c758de759a31-paper-4,Blockchain Adoption in a Supply Chain with Manufacturer Market Power,"Iyengar, Garud, Saleh, Fahad, Sethuraman, Jay, Wang, Wenjun",2024,MANAGEMENT SCIENCE,1. 공통,국제 S급,10.1287/mnsc.2022.02505,0.759,0.75,include,verified,title match; year mismatch; journal match,failed,,,41,title keyword overlap 0.75; abstract keyword overlap 0.75; subtopic fit 1.00; combined relevance 0.75; citations 41; year 2024
T015,blockchain supply chain transparency,job-7a6bac09-5400-4b1d-97c9-c758de759a31,5,job-7a6bac09-5400-4b1d-97c9-c758de759a31-paper-5,Impact of Traceability Technology Adoption in Food Supply Chain Networks,"Dong, Lingxiu, Jiang, Puping Phil, Xu, Fasheng",2023,MANAGEMENT SCIENCE,1. 공통,국제 S급,10.1287/mnsc.2022.4440,0.72,0.5,include,verified,title match; year match; journal match,failed,,,148,title keyword overlap 0.50; abstract keyword overlap 0.50; subtopic fit 1.00; combined relevance 0.50; citations 148; year 2023
T015,blockchain supply chain transparency,job-7a6bac09-5400-4b1d-97c9-c758de759a31,6,job-7a6bac09-5400-4b1d-97c9-c758de759a31-paper-6,"Success and Failure of Blockchain Technology Providers: Founders' Power, Beyond-Blockchain Exploration and Centralized Decision-Making","Zhan, Yuanzhu, Yeung, Andy C. L., Tan, Kim Hua, Xiong, Yu, Xing, Xinjie",2025,JOURNAL OF OPERATIONS MANAGEMENT,7. 생산운영,국제 S급,10.1002/joom.1364,0.691,0.75,review,verified,title match; year match; journal match,failed,,,16,title keyword overlap 0.25; abstract keyword overlap 0.75; subtopic fit 1.00; combined relevance 0.60; citations 16; year 2025
T015,blockchain supply chain transparency,job-7a6bac09-5400-4b1d-97c9-c758de759a31,7,job-7a6bac09-5400-4b1d-97c9-c758de759a31-paper-7,Economics of Permissioned Blockchain Adoption,"Iyengar, Garud, Saleh, Fahad, Sethuraman, Jay, Wang, Wenjun",2023,MANAGEMENT SCIENCE,1. 공통,국제 S급,10.1287/mnsc.2022.4532,0.605,0.25,review,verified,title match; year match; journal match,failed,,,73,title keyword overlap 0.25; abstract keyword overlap 0.25; subtopic fit 1.00; combined relevance 0.25; citations 73; year 2023
T015,blockchain supply chain transparency,job-7a6bac09-5400-4b1d-97c9-c758de759a31,8,job-7a6bac09-5400-4b1d-97c9-c758de759a31-paper-8,Can Blockchain Technology Help Overcome Contractual Incompleteness? Evidence from State Laws,"Chen, Mark A., Hu, Shuting Sophia, Wang, Joanna, Wu, Qinxi",2023,MANAGEMENT SCIENCE,1. 공통,국제 S급,10.1287/mnsc.2022.04139,0.553,0.25,review,verified,title match; year match; journal match,failed,,,20,title keyword overlap 0.25; abstract keyword overlap 0.25; subtopic fit 1.00; combined relevance 0.25; citations 20; year 2023
T015,blockchain supply chain transparency,job-7a6bac09-5400-4b1d-97c9-c758de759a31,9,job-7a6bac09-5400-4b1d-97c9-c758de759a31-paper-9,Why Fixed Costs Matter for Proof-of-Work-Based Cryptocurrencies,"Garratt, Rodney J., van Oordt, Maarten R. C.",2023,MANAGEMENT SCIENCE,1. 공통,국제 S급,10.1287/mnsc.2023.4901,0.519,0.25,review,verified,title match; year match; journal match,failed,,,13,title keyword overlap 0.00; abstract keyword overlap 0.25; subtopic fit 1.00; combined relevance 0.17; citations 13; year 2023
T015,blockchain supply chain transparency,job-7a6bac09-5400-4b1d-97c9-c758de759a31,10,job-7a6bac09-5400-4b1d-97c9-c758de759a31-paper-10,An Examination of Velocity and Initial Coin Offerings,"Holden, Richard, Malani, Anup",2022,MANAGEMENT SCIENCE,1. 공통,국제 S급,10.1287/mnsc.2022.4314,0.51,0.25,review,verified,title match; year match; journal match,failed,,,14,title keyword overlap 0.00; abstract keyword overlap 0.25; subtopic fit 1.00; combined relevance 0.17; citations 14; year 2022
T016,AI decision support managerial judgment,job-5692cd4f-803f-42da-a240-0d96d694cdf2,1,job-5692cd4f-803f-42da-a240-0d96d694cdf2-paper-1,Augmenting Medical Diagnosis Decisions? An Investigation into Physicians' Decision-Making Process with Artificial Intelligence,"Jussupow, Ekaterina, Spohrer, Kai, Heinzl, Armin, Gawlitza, Joshua",2021,INFORMATION SYSTEMS RESEARCH,6. 경영정보,국제 S급,10.1287/isre.2020.0980,0.76,0.714,include,verified,title match; year match; journal match,failed,,,296,title keyword overlap 0.57; abstract keyword overlap 0.71; subtopic fit 1.00; combined relevance 0.67; citations 296; year 2021
T016,AI decision support managerial judgment,job-5692cd4f-803f-42da-a240-0d96d694cdf2,2,job-5692cd4f-803f-42da-a240-0d96d694cdf2-paper-2,Expl(AI)ned: The Impact of Explainable Artificial Intelligence on Users' Information Processing,"Bauer, Kevin, von Zahn, Moritz, Hinz, Oliver",2023,INFORMATION SYSTEMS RESEARCH,6. 경영정보,국제 S급,10.1287/isre.2023.1199,0.695,0.429,review,verified,title match; year match; journal match,failed,,,157,title keyword overlap 0.43; abstract keyword overlap 0.43; subtopic fit 1.00; combined relevance 0.43; citations 157; year 2023
T016,AI decision support managerial judgment,job-5692cd4f-803f-42da-a240-0d96d694cdf2,3,job-5692cd4f-803f-42da-a240-0d96d694cdf2-paper-3,Cognitive Challenges in Human-Artificial Intelligence Collaboration: Investigating the Path Toward Productive Delegation,"Fuegener, Andreas, Grahl, Jorn, Gupta, Alok, Ketter, Wolfgang",2022,INFORMATION SYSTEMS RESEARCH,6. 경영정보,국제 S급,10.1287/isre.2021.1079,0.685,0.429,review,verified,title match; year match; journal match,failed,,,290,title keyword overlap 0.43; abstract keyword overlap 0.43; subtopic fit 1.00; combined relevance 0.43; citations 290; year 2022
T016,AI decision support managerial judgment,job-5692cd4f-803f-42da-a240-0d96d694cdf2,4,job-5692cd4f-803f-42da-a240-0d96d694cdf2-paper-4,To Be or Not to Be horizontal ellipsis Human? Theorizing the Role of Human-Like Competencies in Conversational Artificial Intelligence Agents,"Chandra, Shalini, Shirish, Anuragini, Srivastava, Shirish C.",2022,JOURNAL OF MANAGEMENT INFORMATION SYSTEMS,6. 경영정보,국제 S급,10.1080/07421222.2022.2127441,0.685,0.429,review,verified,title match; year match; journal match,failed,,,209,title keyword overlap 0.43; abstract keyword overlap 0.43; subtopic fit 1.00; combined relevance 0.43; citations 209; year 2022
T016,AI decision support managerial judgment,job-5692cd4f-803f-42da-a240-0d96d694cdf2,5,job-5692cd4f-803f-42da-a240-0d96d694cdf2-paper-5,Why do Family Members Reject AI in Health Care? Competing Effects of Emotions,"Park, Eun Hee, Werder, Karl, Cao, Lan, Ramesh, Balasubramaniam",2022,JOURNAL OF MANAGEMENT INFORMATION SYSTEMS,6. 경영정보,국제 S급,10.1080/07421222.2022.2096550,0.676,0.571,review,verified,title match; year match; journal match,failed,,,56,title keyword overlap 0.43; abstract keyword overlap 0.57; subtopic fit 1.00; combined relevance 0.53; citations 56; year 2022
T016,AI decision support managerial judgment,job-5692cd4f-803f-42da-a240-0d96d694cdf2,6,job-5692cd4f-803f-42da-a240-0d96d694cdf2-paper-6,IS AI GROUND TRUTH REALLY TRUE? THE DANGERS OF TRAINING AND EVALUATING AI TOOLS BASED ON EXPERTS' KNOW-WHAT1,"Lebovitz, Sarah, Levine, Natalia, Lifshitz-Assaf, Hila",2021,MIS QUARTERLY,6. 경영정보,국제 S급,10.25300/MISQ/2021/16564,0.675,0.429,review,verified,title match; year match; journal match,failed,,,223,title keyword overlap 0.43; abstract keyword overlap 0.43; subtopic fit 1.00; combined relevance 0.43; citations 223; year 2021
T016,AI decision support managerial judgment,job-5692cd4f-803f-42da-a240-0d96d694cdf2,7,job-5692cd4f-803f-42da-a240-0d96d694cdf2-paper-7,WILL HUMANS-IN-THE-LOOP BECOME BORGS? MERITS AND PITFALLS OF WORKING WITH AI,"Fuegener, Andreas, Grahl, Jorn, Gupta, Alok, Ketter, Wolfgang",2021,MIS QUARTERLY,6. 경영정보,국제 S급,10.25300/MISQ/2021/16553,0.675,0.429,review,verified,title match; year match; journal match,failed,,,202,title keyword overlap 0.43; abstract keyword overlap 0.43; subtopic fit 1.00; combined relevance 0.43; citations 202; year 2021
T016,AI decision support managerial judgment,job-5692cd4f-803f-42da-a240-0d96d694cdf2,8,job-5692cd4f-803f-42da-a240-0d96d694cdf2-paper-8,Relationship Between Trust in the Artificial Intelligence Creator and Trust in Artificial Intelligence Systems: The Crucial Role of Artificial Intelligence Alignment and Steerability,"Saffarizadeh, Kambiz, Keil, Mark, Maruping, Likoebe",2024,JOURNAL OF MANAGEMENT INFORMATION SYSTEMS,6. 경영정보,국제 S급,10.1080/07421222.2024.2376382,0.669,0.571,review,verified,title match; year match; journal match,failed,,,29,title keyword overlap 0.43; abstract keyword overlap 0.57; subtopic fit 1.00; combined relevance 0.53; citations 29; year 2024
T016,AI decision support managerial judgment,job-5692cd4f-803f-42da-a240-0d96d694cdf2,9,job-5692cd4f-803f-42da-a240-0d96d694cdf2-paper-9,HOW AI-BASED SYSTEMS CAN INDUCE REFLECTIONS: THE CASE OF AI-AUGMENTED DIAGNOSTIC WORK,"Abdel-Karim, Benjamin M., Pfeuffer, Nicolas, Carl, K. Valerie, Hinz, Oliver",2023,MIS QUARTERLY,6. 경영정보,국제 S급,10.25300/MISQ/2022/16773,0.651,0,review,verified,title match; year match; journal match,failed,,,56,title keyword overlap 0.43; abstract keyword overlap 0.00; subtopic fit 1.00; combined relevance 0.43; citations 56; year 2023
T016,AI decision support managerial judgment,job-5692cd4f-803f-42da-a240-0d96d694cdf2,10,job-5692cd4f-803f-42da-a240-0d96d694cdf2-paper-10,EXPLAINING DATA-DRIVEN DECISIONS MADE BY AI SYSTEMS: THE COUNTERFACTUAL APPROACH,"Fernandez-Loria, Carlos, Provost, Foster, Han, Xintian",2022,MIS QUARTERLY,6. 경영정보,국제 S급,10.25300/MISQ/2022/16749,0.617,0.429,review,verified,title match; year match; journal match,failed,,,32,title keyword overlap 0.43; abstract keyword overlap 0.43; subtopic fit 1.00; combined relevance 0.43; citations 32; year 2022
T017,diversity climate employee voice,job-8ec3130b-9e7a-42f1-b95d-eacf0501e529,1,job-8ec3130b-9e7a-42f1-b95d-eacf0501e529-paper-1,A Meta-Analysis Integrating 25 Years of Diversity Climate Research,"Holmes, Oscar, Jiang, Kaifeng, Avery, Derek R., McKay, Patrick F., Oh, In-Sue",2021,JOURNAL OF MANAGEMENT,2. 조직인사,국제 A1급,10.1177/0149206320934547,0.7,0.5,review,verified,title match; year mismatch; journal match,failed,,,131,title keyword overlap 0.50; abstract keyword overlap 0.50; subtopic fit 1.00; combined relevance 0.50; citations 131; year 2021
T017,diversity climate employee voice,job-8ec3130b-9e7a-42f1-b95d-eacf0501e529,2,job-8ec3130b-9e7a-42f1-b95d-eacf0501e529-paper-2,How genuine is your diversity climate? A new typology highlighting the emergence of specious diversity climates,"Ward-Bartlett, Anna-Katherine, Ravlin, Elizabeth, Park, Ji Eun",2023,JOURNAL OF ORGANIZATIONAL BEHAVIOR,2. 조직인사,국제 A1급,10.1002/job.2731,0.627,0.5,review,verified,title match; year match; journal match,failed,,,7,title keyword overlap 0.50; abstract keyword overlap 0.50; subtopic fit 1.00; combined relevance 0.50; citations 7; year 2023
T017,diversity climate employee voice,job-8ec3130b-9e7a-42f1-b95d-eacf0501e529,3,job-8ec3130b-9e7a-42f1-b95d-eacf0501e529-paper-3,Relaxing into differences and energizing into differences: How group-based play enables demographically diverse adults to co-create a climate of psychological safety,"Ubaka, Adaora, Cardador, M. Teresa, Wayne, Sandy J.",2026,JOURNAL OF ORGANIZATIONAL BEHAVIOR,2. 조직인사,국제 A1급,10.1002/job.2821,0.564,0.25,review,verified,title match; year mismatch; journal match,failed,,,1,title keyword overlap 0.25; abstract keyword overlap 0.25; subtopic fit 1.00; combined relevance 0.25; citations 1; year 2026
T017,diversity climate employee voice,job-8ec3130b-9e7a-42f1-b95d-eacf0501e529,4,job-8ec3130b-9e7a-42f1-b95d-eacf0501e529-paper-4,Unpacking the Status-Leveling Burden for Women in Male-Dominated Occupations,"Cardador, M. Teresa, Hill, Patrick L., Salles, Arghavan",2022,ADMINISTRATIVE SCIENCE QUARTERLY,2. 조직인사,국제 S급,10.1177/00018392211038505,0.552,0.25,review,verified,title match; year mismatch; journal match,failed,,,56,title keyword overlap 0.00; abstract keyword overlap 0.25; subtopic fit 1.00; combined relevance 0.17; citations 56; year 2022
T017,diversity climate employee voice,job-8ec3130b-9e7a-42f1-b95d-eacf0501e529,5,job-8ec3130b-9e7a-42f1-b95d-eacf0501e529-paper-5,"Include, Individualize, and Integrate HRM Practices for Successful Aging at Work: Scale Development and Test of a Model","Chong, Jane X. Y., Andrei, Daniela M., Tian, Amy, Parker, Sharon K.",2025,HUMAN RESOURCE MANAGEMENT,2. 조직인사,국제 A1급,10.1002/hrm.22301,0.535,0.25,review,verified,title match; year match; journal match,failed,,,9,title keyword overlap 0.00; abstract keyword overlap 0.25; subtopic fit 1.00; combined relevance 0.17; citations 9; year 2025
T017,diversity climate employee voice,job-8ec3130b-9e7a-42f1-b95d-eacf0501e529,6,job-8ec3130b-9e7a-42f1-b95d-eacf0501e529-paper-6,EIGENZEIT: A NEW LENS ON TEMPORAL COMPLEXITY,"Blagoev, Blagoy, Schreyoegg, Georg",2025,ACADEMY OF MANAGEMENT REVIEW,2. 조직인사,국제 S급,10.5465/amr.2022.0440,0.482,0,review,verified,title match; year match; journal match,failed,,,17,title keyword overlap 0.00; abstract keyword overlap 0.00; subtopic fit 1.00; combined relevance 0.00; citations 17; year 2025
T017,diversity climate employee voice,job-8ec3130b-9e7a-42f1-b95d-eacf0501e529,7,job-8ec3130b-9e7a-42f1-b95d-eacf0501e529-paper-7,Contributive Justice: An Invisible Barrier to Workplace Inclusion,"Roberson, Q., Scott, W.",2024,JOURNAL OF MANAGEMENT,2. 조직인사,국제 A1급,10.1177/01492063221116089,0.477,0,review,verified,title match; year mismatch; journal match,failed,,,22,title keyword overlap 0.00; abstract keyword overlap 0.00; subtopic fit 1.00; combined relevance 0.00; citations 22; year 2024
T017,diversity climate employee voice,job-8ec3130b-9e7a-42f1-b95d-eacf0501e529,8,job-8ec3130b-9e7a-42f1-b95d-eacf0501e529-paper-8,Performance feedback and change in R&D alliance portfolio breadth: The moderating role of economic conditions,"Ben-Menahem, Shiko M., Woerter, Martin, Von Krogh, Georg",2026,STRATEGIC MANAGEMENT JOURNAL,2. 조직인사,국제 S급,10.1002/smj.70030,0.476,0,review,verified,title match; year mismatch; journal match,failed,,,1,title keyword overlap 0.00; abstract keyword overlap 0.00; subtopic fit 1.00; combined relevance 0.00; citations 1; year 2026
T017,diversity climate employee voice,job-8ec3130b-9e7a-42f1-b95d-eacf0501e529,9,job-8ec3130b-9e7a-42f1-b95d-eacf0501e529-paper-9,"""I"" AM AFFIRMED, BUT ARE ""WE""? SOCIAL IDENTITY PROCESSES INFLUENCING REFUGEES' WORK INITIATIVE AND COMMUNITY EMBEDDEDNESS","Schaubroeck, John M., Demirtas, Ozgur, Peng, Ann C., Pei, Dong",2022,ACADEMY OF MANAGEMENT JOURNAL,2. 조직인사,국제 S급,10.5465/amj.2020.0033,0.451,0,review,verified,title match; year match; journal match,failed,,,16,title keyword overlap 0.00; abstract keyword overlap 0.00; subtopic fit 1.00; combined relevance 0.00; citations 16; year 2022
T017,diversity climate employee voice,job-8ec3130b-9e7a-42f1-b95d-eacf0501e529,10,job-8ec3130b-9e7a-42f1-b95d-eacf0501e529-paper-10,A NETWORK UTILIZATION PERSPECTIVE ON THE LEADERSHIP ADVANCEMENT OF MINORITIES,"Khattab, Jasmien, Van Knippenberg, Daan, Pieterse, Anne Nederveen, Hernandez, Morela",2020,ACADEMY OF MANAGEMENT REVIEW,2. 조직인사,국제 S급,10.5465/amr.2015.0399,0.448,0,review,verified,title match; year match; journal match,failed,,,33,title keyword overlap 0.00; abstract keyword overlap 0.00; subtopic fit 1.00; combined relevance 0.00; citations 33; year 2020
T018,organizational resilience crisis management,job-f5a5662a-034f-4389-b62e-6af861e9cccf,1,job-f5a5662a-034f-4389-b62e-6af861e9cccf-paper-1,Organizational Resilience: A Valuable Construct for Management Research?,"Hillmann, Julia, Guenther, Edeltraud",2021,INTERNATIONAL JOURNAL OF MANAGEMENT REVIEWS,8. 무역/국제경영,국제 S급,10.1111/ijmr.12239,0.788,0,include,verified,title match; year mismatch; journal match,failed,,,532,title keyword overlap 0.75; abstract keyword overlap 0.00; subtopic fit 1.00; combined relevance 0.75; citations 532; year 2021
T018,organizational resilience crisis management,job-f5a5662a-034f-4389-b62e-6af861e9cccf,2,job-f5a5662a-034f-4389-b62e-6af861e9cccf-paper-2,"Resilience, robustness, and antifragility: Towards an appreciation of distinct organizational responses to adversity","Munoz, Albert, Billsberry, Jon, Ambrosini, Veronique",2022,INTERNATIONAL JOURNAL OF MANAGEMENT REVIEWS,8. 무역/국제경영,국제 S급,10.1111/ijmr.12289,0.693,0,review,verified,title match; year match; journal match,failed,,,83,title keyword overlap 0.50; abstract keyword overlap 0.00; subtopic fit 1.00; combined relevance 0.50; citations 83; year 2022
T018,organizational resilience crisis management,job-f5a5662a-034f-4389-b62e-6af861e9cccf,3,job-f5a5662a-034f-4389-b62e-6af861e9cccf-paper-3,An examination of the effect of supply chain disruption risk drivers on organizational performance: evidence from Chinese supply chains,"Parast, Mahour Mellat, Subramanian, Nachiappan",2021,SUPPLY CHAIN MANAGEMENT-AN INTERNATIONAL JOURNAL,7. 생산운영,국제 A1급,10.1108/SCM-07-2020-0313,0.653,0.5,review,verified,title match; year match; journal match,failed,,,79,title keyword overlap 0.25; abstract keyword overlap 0.50; subtopic fit 1.00; combined relevance 0.42; citations 79; year 2021
T018,organizational resilience crisis management,job-f5a5662a-034f-4389-b62e-6af861e9cccf,4,job-f5a5662a-034f-4389-b62e-6af861e9cccf-paper-4,How can cross-functional integration support the development of resilience capabilities? The case of collaboration in the automotive industry,"da Silva Poberschnigg, Tayanne Ferraz, Pimenta, Marcio Lopes, Hilletofth, Per",2020,SUPPLY CHAIN MANAGEMENT-AN INTERNATIONAL JOURNAL,7. 생산운영,국제 A1급,10.1108/SCM-10-2019-0390,0.629,0.5,review,verified,title match; year match; journal match,failed,,,65,title keyword overlap 0.25; abstract keyword overlap 0.50; subtopic fit 1.00; combined relevance 0.42; citations 65; year 2020
T018,organizational resilience crisis management,job-f5a5662a-034f-4389-b62e-6af861e9cccf,5,job-f5a5662a-034f-4389-b62e-6af861e9cccf-paper-5,The impact of using digital technologies on supply chain resilience and robustness: the role of memory under the covid-19 outbreak,"Alvarenga, Murilo Zamboni, Valadares de Oliveira, Marcos Paulo, Goncalves Felix de Oliveira, Tiago Andre",2023,SUPPLY CHAIN MANAGEMENT-AN INTERNATIONAL JOURNAL,7. 생산운영,국제 A1급,10.1108/SCM-06-2022-0217,0.621,0.25,review,verified,title match; year match; journal match,failed,,,89,title keyword overlap 0.25; abstract keyword overlap 0.25; subtopic fit 1.00; combined relevance 0.25; citations 89; year 2023
T018,organizational resilience crisis management,job-f5a5662a-034f-4389-b62e-6af861e9cccf,6,job-f5a5662a-034f-4389-b62e-6af861e9cccf-paper-6,"Industry 4.0 technology capabilities, resilience and incremental innovation in Australian manufacturing firms: a serial mediation model","Nakandala, Dilupa, Yang, Richard, Lau, Henry, Weerabahu, Samanthi",2023,SUPPLY CHAIN MANAGEMENT-AN INTERNATIONAL JOURNAL,7. 생산운영,국제 A1급,10.1108/SCM-08-2022-0325,0.596,0.25,review,verified,title match; year match; journal match,failed,,,63,title keyword overlap 0.25; abstract keyword overlap 0.25; subtopic fit 1.00; combined relevance 0.25; citations 63; year 2023
T018,organizational resilience crisis management,job-f5a5662a-034f-4389-b62e-6af861e9cccf,7,job-f5a5662a-034f-4389-b62e-6af861e9cccf-paper-7,A general framework of digitization risks in international business,"Luo, Yadong",2022,JOURNAL OF INTERNATIONAL BUSINESS STUDIES,8. 무역/국제경영,국제 S급,10.1057/s41267-021-00448-9,0.596,0.25,review,verified,title match; year mismatch; journal match,failed,,,122,title keyword overlap 0.00; abstract keyword overlap 0.25; subtopic fit 1.00; combined relevance 0.17; citations 122; year 2022
T018,organizational resilience crisis management,job-f5a5662a-034f-4389-b62e-6af861e9cccf,8,job-f5a5662a-034f-4389-b62e-6af861e9cccf-paper-8,Improving cross-functional teams' effectiveness during supply chain disruptions: the importance of information scouting and internal integration,"van den Adel, Mitchell J. J., de Vries, Thomas A. A., van Donk, Dirk Pieter",2023,SUPPLY CHAIN MANAGEMENT-AN INTERNATIONAL JOURNAL,7. 생산운영,국제 A1급,10.1108/SCM-06-2022-0243,0.582,0.5,review,verified,title match; year mismatch; journal match,failed,,,14,title keyword overlap 0.00; abstract keyword overlap 0.50; subtopic fit 1.00; combined relevance 0.35; citations 14; year 2023
T018,organizational resilience crisis management,job-f5a5662a-034f-4389-b62e-6af861e9cccf,9,job-f5a5662a-034f-4389-b62e-6af861e9cccf-paper-9,New connectivity in the fragmented world,"Luo, Yadong",2022,JOURNAL OF INTERNATIONAL BUSINESS STUDIES,8. 무역/국제경영,국제 S급,10.1057/s41267-022-00530-w,0.555,0.25,review,verified,title match; year match; journal match,failed,,,59,title keyword overlap 0.00; abstract keyword overlap 0.25; subtopic fit 1.00; combined relevance 0.17; citations 59; year 2022
T018,organizational resilience crisis management,job-f5a5662a-034f-4389-b62e-6af861e9cccf,10,job-f5a5662a-034f-4389-b62e-6af861e9cccf-paper-10,Dimensions and sub-dimensions of emergency supply chain resilience: a case study of Medecins Sans Frontieres Logistique during the COVID-19 pandemic,"Michel, Sylvie, Gerbaix, Sylvie, Bidan, Marc",2023,SUPPLY CHAIN MANAGEMENT-AN INTERNATIONAL JOURNAL,7. 생산운영,국제 A1급,10.1108/SCM-07-2022-0278,0.542,0,review,verified,title match; year match; journal match,failed,,,9,title keyword overlap 0.25; abstract keyword overlap 0.00; subtopic fit 1.00; combined relevance 0.25; citations 9; year 2023
